date,Price,Return
2017-01-03,2257.8301,
2017-01-04,2270.75,0.00570595408204358
2017-01-05,2269.0,-0.0007709676024811847
2017-01-06,2276.98,0.0035107977582784673
2017-01-09,2268.8999,-0.003554915082248748
2017-01-10,2268.8999,0.0
2017-01-11,2275.3201,0.0028256573281020955
2017-01-12,2270.4399,-0.0021471445368446253
2017-01-13,2274.6399,0.0018481528951304238
2017-01-17,2267.8899,-0.0029719144465069273
2017-01-18,2271.8899,0.001762200464047433
2017-01-19,2263.6899,-0.0036158591826330284
2017-01-20,2271.3101,0.0033606205829025196
2017-01-23,2265.2,-0.002693746320419606
2017-01-24,2280.0701,0.0065431328502349026
2017-01-25,2298.3701,0.00799403144080286
2017-01-26,2296.6799,-0.0007356612338180316
2017-01-27,2294.6899,-0.0008668437574383386
2017-01-30,2280.8999,-0.0060276564792746
2017-01-31,2278.8701,-0.0008903081225923263
2017-02-01,2279.55,0.0002983051101593974
2017-02-02,2280.8501,0.0005701692863401549
2017-02-03,2297.4199,0.0072384863054254815
2017-02-06,2292.5601,-0.0021175699310176624
2017-02-07,2293.0801,0.0002267949422761055
2017-02-08,2294.6699,0.000693063076076999
2017-02-09,2307.8701,0.005736065821578932
2017-02-10,2316.1001,0.0035597152812902027
2017-02-13,2328.25,0.0052321325720731645
2017-02-14,2337.5801,0.003999336553640867
2017-02-15,2349.25,0.0049798793077663545
2017-02-16,2347.22,-0.0008644791200295176
2017-02-17,2351.1599,0.0016771316953331098
2017-02-21,2365.3799,0.00602986243672705
2017-02-22,2362.8201,-0.0010827800220358922
2017-02-23,2363.8101,0.0004189030969579009
2017-02-24,2367.3401,0.0014922378304719896
2017-02-27,2369.75,0.0010174601525520396
2017-02-28,2363.6399,-0.0025817029751754855
2017-03-01,2395.96,0.013581224247191798
2017-03-02,2381.9199,-0.005877142459359411
2017-03-03,2383.1201,0.00050375234011923
2017-03-06,2375.3101,-0.0032825981194474973
2017-03-07,2368.3899,-0.002917640200302731
2017-03-08,2362.98,-0.0022868228322692006
2017-03-09,2364.8701,0.0007995600794088874
2017-03-10,2372.6001,0.0032633479615399607
2017-03-13,2373.47,0.00036657697480754065
2017-03-14,2365.45,-0.003384740682155033
2017-03-15,2385.26,0.008339854388317126
2017-03-16,2381.3799,-0.0016280234875743768
2017-03-17,2378.25,-0.001315186481685468
2017-03-20,2373.47,-0.002011903736902209
2017-03-21,2344.02,-0.012485615265953647
2017-03-22,2348.45,0.00188813197147545
2017-03-23,2345.96,-0.0010608362855033045
2017-03-24,2343.98,-0.0008443605323889107
2017-03-27,2341.5901,-0.0010201107469289426
2017-03-28,2358.5701,0.0072253170733640746
2017-03-29,2361.1299,0.001084730068011425
2017-03-30,2368.0601,0.0029308211176550542
2017-03-31,2362.72,-0.0022575990239317536
2017-04-03,2358.8401,-0.001643482574038187
2017-04-04,2360.1599,0.0005593558103036884
2017-04-05,2352.95,-0.003059510928903353
2017-04-06,2357.49,0.0019276336842417722
2017-04-07,2355.54,-0.0008274931885733614
2017-04-10,2357.1599,0.0006874615817560651
2017-04-11,2353.78,-0.0014349156014193943
2017-04-12,2344.9299,-0.0037670384654595376
2017-04-13,2328.95,-0.00683798583087206
2017-04-17,2349.01,0.00857644056804569
2017-04-18,2342.1899,-0.0029076163669309834
2017-04-19,2338.1699,-0.0017178170740419756
2017-04-20,2355.8401,0.007528864858732886
2017-04-21,2348.6899,-0.003039710876775877
2017-04-24,2374.1499,0.010781753230425304
2017-04-25,2388.6101,0.006072212091752465
2017-04-26,2387.45,-0.00048579791649409573
2017-04-27,2388.77,0.000552738372021074
2017-04-28,2384.2,-0.0019149508153329291
2017-05-01,2388.3301,0.0017307805061350721
2017-05-02,2391.1699,0.0011883252784506248
2017-05-03,2388.1299,-0.001272153050531794
2017-05-04,2389.52,0.0005819179171028454
2017-05-05,2399.29,0.00408035130033309
2017-05-08,2399.3799,3.746871607495309e-05
2017-05-09,2396.9199,-0.0010257908463981585
2017-05-10,2399.6299,0.0011299790063082212
2017-05-11,2394.4399,-0.0021651758293356163
2017-05-12,2390.8999,-0.0014795190284075297
2017-05-15,2402.3201,0.004765156454156205
2017-05-16,2400.6699,-0.0006871553198874533
2017-05-17,2357.03,-0.01834547148864735
2017-05-18,2365.72,0.003680063440703132
2017-05-19,2381.73,0.006744699024732498
2017-05-22,2394.02,0.00514684693721281
2017-05-23,2398.4199,0.00183618421014112
2017-05-24,2404.3899,0.0024860460119661633
2017-05-25,2415.0701,0.004432122056504186
2017-05-26,2415.8201,0.00031050178123516323
2017-05-30,2412.9099,-0.0012053688453716094
2017-05-31,2411.8,-0.0004600898468854521
2017-06-01,2430.0601,0.0075426328695464995
2017-06-02,2439.0701,0.003700870551271441
2017-06-05,2436.1001,-0.0012184191507508082
2017-06-06,2429.3301,-0.0027829006237551322
2017-06-07,2433.1399,0.0015670228421356019
2017-06-08,2433.79,0.00026714993526667617
2017-06-09,2431.77,-0.0008303258478185228
2017-06-12,2429.3899,-0.0009792313929803433
2017-06-13,2440.3501,0.0045013567486088925
2017-06-14,2437.9199,-0.0009963368985463972
2017-06-15,2432.46,-0.002242084765181129
2017-06-16,2433.1499,0.00028358212795604663
2017-06-19,2453.46,0.008312600091544307
2017-06-20,2437.03,-0.006719188389873109
2017-06-21,2435.6101,-0.0005828052189575508
2017-06-22,2434.5,-0.00045588292520363924
2017-06-23,2438.3,0.001559678529930483
2017-06-26,2439.0701,0.000315784937624217
2017-06-27,2419.3799,-0.008105592443993014
2017-06-28,2440.6899,0.00876947757748028
2017-06-29,2419.7,-0.008637179699750764
2017-06-30,2423.4099,0.001532032434627582
2017-07-03,2429.01,0.002308168955567044
2017-07-05,2432.54,0.0014522119983846045
2017-07-06,2409.75,-0.009412971248548743
2017-07-07,2425.1799,0.006382699522903234
2017-07-10,2427.4299,0.0009273361156056633
2017-07-11,2425.53,-0.0007829861100083881
2017-07-12,2443.25,0.007279063026366936
2017-07-13,2447.8301,0.001872838409959423
2017-07-14,2459.27,0.004662599291633742
2017-07-17,2459.1399,-5.290327673993684e-05
2017-07-18,2460.6101,0.0005976726637589631
2017-07-19,2473.8301,0.00535827007489151
2017-07-20,2473.45,-0.0001536601902723441
2017-07-21,2472.54,-0.0003679748686383202
2017-07-24,2469.9099,-0.0010642900996375407
2017-07-25,2477.1299,0.0029189193611312
2017-07-26,2477.8301,0.00028262589593494955
2017-07-27,2475.4199,-0.0009731793025673121
2017-07-28,2472.1001,-0.0013420058931508708
2017-07-31,2470.3,-0.0007284315487110607
2017-08-01,2476.3501,0.0024461414874624612
2017-08-02,2477.5701,0.0004925392317233793
2017-08-03,2472.1599,-0.00218605950407267
2017-08-04,2476.8301,0.00188733514769051
2017-08-07,2480.9099,0.0016458309314054508
2017-08-08,2474.9199,-0.002417356188033672
2017-08-09,2474.02,-0.0003636738485824784
2017-08-10,2438.21,-0.014580194485226952
2017-08-11,2441.3201,0.0012747540674700965
2017-08-14,2465.8401,0.00999364319644377
2017-08-15,2464.6101,-0.000498940249114225
2017-08-16,2468.1101,0.0014190955276026642
2017-08-17,2430.01,-0.015557343498841915
2017-08-18,2425.55,-0.001837069773336156
2017-08-21,2428.3701,0.0011619887675168872
2017-08-22,2452.51,0.009891698356527857
2017-08-23,2444.04,-0.003459582133507087
2017-08-24,2438.97,-0.0020765887523938203
2017-08-25,2443.05,0.001671439670407706
2017-08-28,2444.24,0.0004869774552017658
2017-08-29,2446.3,0.0008424428066569343
2017-08-30,2457.5901,0.0046045566753885525
2017-08-31,2471.6499,0.005704667709123181
2017-09-01,2476.55,0.0019805592744008816
2017-09-05,2457.8501,-0.0075794378823799925
2017-09-06,2465.54,0.0031238256961815375
2017-09-07,2465.1001,-0.00017843525069570438
2017-09-08,2461.4299,-0.0014899739488012055
2017-09-11,2488.1101,0.010780985068781074
2017-09-12,2496.48,0.003358313401335586
2017-09-13,2498.3701,0.0007568195450817887
2017-09-14,2495.6201,-0.001101323858408705
2017-09-15,2500.23,0.001845492245006445
2017-09-18,2503.8701,0.0014548472529744526
2017-09-19,2506.6499,0.0011095855460921333
2017-09-20,2508.24,0.0006341515307397267
2017-09-21,2500.6001,-0.0030505689030569817
2017-09-22,2502.22,0.0006475947662448632
2017-09-25,2496.6599,-0.0022245392584368234
2017-09-26,2496.8401,7.217382600496224e-05
2017-09-27,2507.04,0.004076801970984513
2017-09-28,2510.0601,0.0012039227061804963
2017-09-29,2519.3601,0.003698243626443027
2017-10-02,2529.1201,0.003866514979807276
2017-10-03,2534.5801,0.002156526611123698
2017-10-04,2537.74,0.0012459388786508082
2017-10-05,2552.0701,0.005630912581158072
2017-10-06,2549.3301,-0.0010742149825776596
2017-10-09,2544.73,-0.001806064773523464
2017-10-10,2550.6399,0.0023197148651112843
2017-10-11,2555.24,0.0018018838416577177
2017-10-12,2550.9299,-0.00168819334571976
2017-10-13,2553.1699,0.0008777258406303962
2017-10-16,2557.6399,0.0017492340019317212
2017-10-17,2559.3601,0.0006723471036941374
2017-10-18,2561.26,0.0007420585984038278
2017-10-19,2562.1001,0.0003279488426080165
2017-10-20,2575.21,0.005103810438919325
2017-10-23,2564.98,-0.003980402867081287
2017-10-24,2569.1299,0.0016165999499844726
2017-10-25,2557.1499,-0.004673963293815964
2017-10-26,2560.3999,0.0012701392517657666
2017-10-27,2581.0701,0.008040623153835092
2017-10-30,2572.8301,-0.0031975811331539606
2017-10-31,2575.26,0.0009440006422761437
2017-11-01,2579.3601,0.001590845022587201
2017-11-02,2579.8501,0.00018995155555920874
2017-11-03,2587.8401,0.0030922930971680565
2017-11-06,2591.1299,0.0012704458386463143
2017-11-07,2590.6399,-0.00018912457340741415
2017-11-08,2594.3799,0.0014426176920764205
2017-11-09,2584.6201,-0.0037689946141806563
2017-11-10,2582.3,-0.0008980592349132717
2017-11-13,2584.8401,0.000983174504833449
2017-11-14,2578.8701,-0.0023122919097898847
2017-11-15,2564.6201,-0.005540998779155445
2017-11-16,2585.6399,0.008162662355165719
2017-11-17,2578.8501,-0.0026294189404830184
2017-11-20,2582.1399,0.00127487185426656
2017-11-21,2599.03,0.006519824733206763
2017-11-22,2597.0801,-0.000750523008174569
2017-11-24,2602.4199,0.0020539674496729632
2017-11-27,2601.4199,-0.0003843315900344674
2017-11-28,2627.04,0.009800325736266324
2017-11-29,2626.0701,-0.00036926696473434594
2017-11-30,2647.5801,0.00815758287641342
2017-12-01,2642.22,-0.0020265801100901285
2017-12-04,2639.4399,-0.0010527373247774042
2017-12-05,2629.5701,-0.003746362805818754
2017-12-06,2629.27,-0.00011413163154572695
2017-12-07,2636.98,0.0029280818451754833
2017-12-08,2651.5,0.005491194628844653
2017-12-11,2659.99,0.0031968457929972233
2017-12-12,2664.1101,0.0015477172649141402
2017-12-13,2662.8501,-0.0004730653041101203
2017-12-14,2652.01,-0.0040791722932770474
2017-12-15,2675.8101,0.008934332566777118
2017-12-18,2690.1599,0.005348458603952807
2017-12-19,2681.47,-0.003235482616082737
2017-12-20,2679.25,-0.000828246999249518
2017-12-21,2684.5701,0.001983698798763219
2017-12-22,2683.3401,-0.0004582789114195691
2017-12-26,2680.5,-0.0010589802128577275
2017-12-27,2682.6201,0.0007906219032597834
2017-12-28,2687.54,0.0018323108752346404
2017-12-29,2673.6101,-0.0051966205340560475
2018-01-02,2695.8101,0.008269096353856484
2018-01-03,2713.0601,0.006378433146278435
2018-01-04,2723.99,0.004020531178545623
2018-01-05,2743.1499,0.007009141449139976
2018-01-08,2747.71,0.0016609788380819504
2018-01-09,2751.29,0.0013020551030292105
2018-01-10,2748.23,-0.001112824506788398
2018-01-11,2767.5601,0.007009033623318237
2018-01-12,2786.24,0.006726914942758328
2018-01-16,2776.4199,-0.0035307246454015684
2018-01-17,2802.5601,0.009371028859791686
2018-01-18,2798.03,-0.0016177227424479675
2018-01-19,2810.3,0.004375641082824612
2018-01-22,2832.97,0.008034392098314767
2018-01-23,2839.1299,0.0021720006806138824
2018-01-24,2837.54,-0.0005601523673490088
2018-01-25,2839.25,0.0006024531651585847
2018-01-26,2872.8701,0.011771632123391164
2018-01-29,2853.53,-0.00675474056905865
2018-01-30,2822.4299,-0.010958643748868496
2018-01-31,2823.8101,0.0004888917323707963
2018-02-01,2821.98,-0.0006483060941636658
2018-02-02,2762.1299,-0.021436681215261367
2018-02-05,2648.9399,-0.0418425627921876
2018-02-06,2695.1399,0.017290591733989658
2018-02-07,2681.6599,-0.00501414549317881
2018-02-08,2581.0,-0.038259047730175015
2018-02-09,2619.55,0.0148256265596341
2018-02-12,2656.0,0.013818684318076369
2018-02-13,2662.9399,0.002609506431203436
2018-02-14,2698.6299,0.013313461726943683
2018-02-15,2731.2,0.01199687328570444
2018-02-16,2732.22,0.0003733924947562478
2018-02-20,2716.26,-0.005858531424820395
2018-02-21,2701.3301,-0.0055116527902015384
2018-02-22,2703.96,0.0009730838341199582
2018-02-23,2747.3,0.01590124602558474
2018-02-26,2779.6001,0.01168845723695594
2018-02-27,2744.28,-0.012788322960278733
2018-02-28,2713.8301,-0.011157787347478233
2018-03-01,2677.6699,-0.013413982084856328
2018-03-02,2691.25,0.005058793654614927
2018-03-05,2720.9399,0.010971602392899077
2018-03-06,2728.1201,0.0026353918494984355
2018-03-07,2726.8,-0.00048400343234008213
2018-03-08,2738.97,0.004453176811945213
2018-03-09,2786.5701,0.017229547399581355
2018-03-12,2783.02,-0.001274815710688878
2018-03-13,2765.3101,-0.0063838884228526625
2018-03-14,2749.48,-0.005740977695029263
2018-03-15,2747.3301,-0.0007822355404366808
2018-03-16,2752.01,0.0017019864364131334
2018-03-19,2712.9199,-0.014306045056098692
2018-03-20,2716.9399,0.0014807014849554572
2018-03-21,2711.9299,-0.0018456885527964007
2018-03-22,2643.6899,-0.02548489096795036
2018-03-23,2588.26,-0.021189795422502402
2018-03-26,2658.55,0.026795026112632157
2018-03-27,2612.6201,-0.017427273857517248
2018-03-28,2605.0,-0.002920912320817736
2018-03-29,2640.8701,0.013675770985571812
2018-04-02,2581.8799,-0.022590669178253104
2018-04-03,2614.45,0.01253597333502123
2018-04-04,2644.6899,0.011500068013823025
2018-04-05,2662.8401,0.006839441605564587
2018-04-06,2604.47,-0.02216406035591636
2018-04-09,2613.1599,0.0033309790849063983
2018-04-10,2656.8701,0.01658859716123296
2018-04-11,2642.1899,-0.005540694974569297
2018-04-12,2663.99,0.008216918034632039
2018-04-13,2656.3,-0.002890821874502216
2018-04-16,2677.8401,0.00807635970563774
2018-04-17,2706.3899,0.010605069834151328
2018-04-18,2708.6399,0.0008310204052752063
2018-04-19,2693.1299,-0.00574257815392756
2018-04-20,2670.1399,-0.008573180790749337
2018-04-23,2670.29,5.621270304068944e-05
2018-04-24,2634.5601,-0.013470857661343401
2018-04-25,2639.3999,0.0018353576282668384
2018-04-26,2666.9399,0.010380129549610144
2018-04-27,2669.9099,0.0011130162616172074
2018-04-30,2648.05,-0.008221206452697688
2018-05-01,2654.8,0.0025458022179105093
2018-05-02,2635.6699,-0.007231941108607326
2018-05-03,2629.73,-0.0022562018583729493
2018-05-04,2663.4199,0.01272979438811696
2018-05-07,2672.6299,0.0034519951990462957
2018-05-08,2671.9199,-0.0002656912296623615
2018-05-09,2697.79,0.009635641642421575
2018-05-10,2723.0701,0.00932703770276027
2018-05-11,2727.72,0.0017061383919195535
2018-05-14,2730.1299,0.0008830950651885511
2018-05-15,2711.45,-0.006865643331355754
2018-05-16,2722.46,0.0040523361876279775
2018-05-17,2720.1299,-0.0008562468182147052
2018-05-18,2712.97,-0.0026356607743622767
2018-05-21,2733.01,0.007359590175901056
2018-05-22,2724.4399,-0.003140700217740851
2018-05-23,2733.29,0.0032431461135915838
2018-05-24,2727.76,-0.0020252522464269634
2018-05-25,2721.3301,-0.0023599914357477613
2018-05-29,2689.8601,-0.011631583309345836
2018-05-30,2724.01,0.012615874526110675
2018-05-31,2705.27,-0.006903336878120701
2018-06-01,2734.6201,0.010790800643793463
2018-06-04,2746.8701,0.004469594926381694
2018-06-05,2748.8,0.0007023347632642022
2018-06-06,2772.3501,0.00853091924614688
2018-06-07,2770.3701,-0.0007144506714311298
2018-06-08,2779.03,0.003121024569673594
2018-06-11,2782.0,0.0010681475490628696
2018-06-12,2786.8501,0.0017418681197073048
2018-06-13,2775.6299,-0.004034249190126754
2018-06-14,2782.49,0.0024684978398866356
2018-06-15,2779.6599,-0.001017628181588357
2018-06-18,2773.75,-0.00212838682446336
2018-06-19,2762.5901,-0.004031513568050117
2018-06-20,2767.3201,0.0017106972744414895
2018-06-21,2749.76,-0.006365743828336582
2018-06-22,2754.8799,0.0018602130455091708
2018-06-25,2717.0701,-0.013819717561572997
2018-06-26,2723.0601,0.002202154066349367
2018-06-27,2699.6299,-0.008641595152306936
2018-06-28,2716.3101,0.006159688895983281
2018-06-29,2718.3701,0.0007580943212290397
2018-07-02,2726.71,0.0030632814828886186
2018-07-03,2713.22,-0.004959632808581322
2018-07-05,2736.6101,0.008583843235644057
2018-07-06,2759.8201,0.008445531777390968
2018-07-09,2784.1699,0.008784271463679716
2018-07-10,2793.8401,0.0034672615100540855
2018-07-11,2774.02,-0.007119497747003274
2018-07-12,2798.29,0.008710984661528809
2018-07-13,2801.3101,0.0010786842770572288
2018-07-16,2798.4299,-0.0010286907084924503
2018-07-17,2809.55,0.003965818270666929
2018-07-18,2815.6201,0.002158193351738176
2018-07-19,2804.49,-0.003960817262571122
2018-07-20,2801.8301,-0.0009488934460165515
2018-07-23,2806.98,0.0018363614939351826
2018-07-24,2820.3999,0.004769511096953395
2018-07-25,2846.0701,0.009060447018675267
2018-07-26,2837.4399,-0.003036928458990898
2018-07-27,2818.8201,-0.0065838088272490835
2018-07-30,2802.6001,-0.005770799704086491
2018-07-31,2816.29,0.004872822512827998
2018-08-01,2813.3601,-0.0010408818354553742
2018-08-02,2827.22,0.004914362582722844
2018-08-03,2840.3501,0.004633422528078556
2018-08-06,2850.3999,0.003531981003386125
2018-08-07,2858.45,0.0028202196507675944
2018-08-08,2857.7,-0.0002624143888119613
2018-08-09,2853.5801,-0.0014427240977427738
2018-08-10,2833.28,-0.007139330269321609
2018-08-13,2821.9299,-0.004014038538118647
2018-08-14,2839.96,0.0063689549834189925
2018-08-15,2818.3701,-0.007631228434356834
2018-08-16,2840.6899,0.007888206074896414
2018-08-17,2850.1299,0.003317626981814609
2018-08-20,2857.05,0.00242505178130233
2018-08-21,2862.96,0.002066430689121701
2018-08-22,2861.8201,-0.0003982336422196847
2018-08-23,2856.98,-0.0016926981433274476
2018-08-24,2874.6899,0.006179684688230627
2018-08-27,2896.74,0.007641159182084498
2018-08-28,2897.52,0.00026923196567344023
2018-08-29,2914.04,0.005685235804660677
2018-08-30,2901.1299,-0.004440152715113055
2018-08-31,2901.52,0.00013445581150349313
2018-09-04,2896.72,-0.0016556752036839839
2018-09-05,2888.6001,-0.0028070721036964797
2018-09-06,2878.05,-0.0036590088136944803
2018-09-07,2871.6799,-0.002215791947476112
2018-09-10,2877.1299,0.0018960452066871679
2018-09-11,2887.8899,0.00373286228587953
2018-09-12,2888.9199,0.00035659820786011575
2018-09-13,2904.1799,0.0052683488365684586
2018-09-14,2904.98,0.00027546151899147334
2018-09-17,2888.8,-0.005585314617480499
2018-09-18,2904.3101,0.005354684027016766
2018-09-19,2907.95,0.0012524905675971201
2018-09-20,2930.75,0.007809997394075651
2018-09-21,2929.6699,-0.0003686084037185899
2018-09-24,2919.3701,-0.0035218807347023613
2018-09-25,2915.5601,-0.0013059284039010819
2018-09-26,2905.97,-0.0032947038013603452
2018-09-27,2914.0,0.0027594661468949336
2018-09-28,2913.98,-6.863441535533463e-06
2018-10-01,2924.5901,0.0036344897801332604
2018-10-02,2923.4299,-0.0003967838739338569
2018-10-03,2925.51,0.0007112742217424969
2018-10-04,2901.6101,-0.008203034640763865
2018-10-05,2885.5701,-0.005543301061654124
2018-10-08,2884.4299,-0.0003952166429258536
2018-10-09,2880.3401,-0.0014188946605513436
2018-10-10,2785.6799,-0.033416404605062795
2018-10-11,2728.3701,-0.02078757491377688
2018-10-12,2767.1299,0.014106247919234219
2018-10-15,2750.79,-0.005922502703075377
2018-10-16,2809.9199,0.021267834450447675
2018-10-17,2809.21,-0.00025267257259051
2018-10-18,2768.78,-0.014496515061645461
2018-10-19,2767.78,-0.00036123513910236955
2018-10-22,2755.8799,-0.004308780274840423
2018-10-23,2740.6899,-0.005527097525325206
2018-10-24,2656.1001,-0.031350757870772135
2018-10-25,2705.5701,0.01845372879093542
2018-10-26,2658.6899,-0.017479165278557005
2018-10-29,2641.25,-0.0065811927212641496
2018-10-30,2682.6299,0.015545329378836601
2018-10-31,2711.74,0.01079287594885136
2018-11-01,2740.3701,0.0105024889953269
2018-11-02,2723.0601,-0.0063366995781375945
2018-11-05,2738.3101,0.005584693612511155
2018-11-06,2755.45,0.006239790343875427
2018-11-07,2813.8899,0.020987063477796514
2018-11-08,2806.8301,-0.0025120638325876877
2018-11-09,2781.01,-0.009241597220400593
2018-11-12,2726.22,-0.0198981367275931
2018-11-13,2722.1799,-0.001483041191776897
2018-11-14,2701.5801,-0.007596169098069928
2018-11-15,2730.2,0.010538042529978597
2018-11-16,2736.27,0.002220812515123669
2018-11-19,2690.73,-0.016783146839093228
2018-11-20,2641.8899,-0.018318000005998675
2018-11-21,2649.9299,0.0030386545612878695
2018-11-23,2632.5601,-0.006576392043170373
2018-11-26,2673.45,0.015412978380943158
2018-11-27,2682.1699,0.003256357944815008
2018-11-28,2743.79,0.022714045222129536
2018-11-29,2737.8,-0.002185498143502281
2018-11-30,2760.1699,0.00813755762618401
2018-12-03,2790.3701,0.010882003560022207
2018-12-04,2700.0601,-0.03290020734367202
2018-12-06,2695.95,-0.001523385137792853
2018-12-07,2633.0801,-0.02359634526021947
2018-12-10,2637.72,0.0017606060220487958
2018-12-11,2636.78,-0.0003564318930519869
2018-12-12,2651.0701,0.005404894056243188
2018-12-13,2650.54,-0.00019997698501689413
2018-12-14,2599.95,-0.019271178750727643
2018-12-17,2545.9399,-0.020992319872625894
2018-12-18,2546.1599,8.6408361492538e-05
2018-12-19,2506.96,-0.015515438838379456
2018-12-20,2467.4199,-0.01589783393126081
2018-12-21,2416.6201,-0.020803118745210538
2018-12-24,2351.1001,-0.027486564769234625
2018-12-26,2467.7,0.048403196460828066
2018-12-27,2488.8301,0.008526217971190393
2018-12-28,2485.74,-0.0012423587708425413
2018-12-31,2506.8501,0.008456622868486063
2019-01-02,2510.03,0.0012676804557657515
2019-01-03,2447.8899,-0.025068317115044824
2019-01-04,2531.9399,0.03375937967483105
2019-01-07,2549.6899,0.006985976109077266
2019-01-08,2574.4099,0.009648598872469499
2019-01-09,2584.96,0.0040896911480226734
2019-01-10,2596.6399,0.0045082291212708075
2019-01-11,2596.26,-0.00014631516416395521
2019-01-14,2582.6101,-0.005271393699617821
2019-01-15,2610.3,0.010664603047606061
2019-01-16,2616.1001,0.002219540130926484
2019-01-17,2635.96,0.007562744629420351
2019-01-18,2670.71,0.013096912647036883
2019-01-22,2632.8999,-0.014258492344411193
2019-01-23,2638.7,0.002200509314243242
2019-01-24,2642.3301,0.0013747698850414063
2019-01-25,2664.76,0.008452855757110272
2019-01-28,2643.8501,-0.007877771297488075
2019-01-29,2640.0,-0.001457308821606146
2019-01-30,2681.05,0.015429591679246102
2019-01-31,2704.1001,0.00856066788882119
2019-02-01,2706.53,0.0008981948935526974
2019-02-04,2724.8701,0.006753385634354643
2019-02-05,2737.7,0.004697394580445324
2019-02-06,2731.6101,-0.0022269362699969025
2019-02-07,2706.05,-0.009401208529255621
2019-02-08,2707.8799,0.0006759969572876907
2019-02-11,2709.8,0.0007088274375140551
2019-02-12,2744.73,0.012807878037835878
2019-02-13,2753.03,0.0030194138361176875
2019-02-14,2745.73,-0.002655145628696972
2019-02-15,2775.6001,0.010819998396051885
2019-02-19,2779.76,0.001497616969061925
2019-02-20,2784.7,0.001775554608288014
2019-02-21,2774.8799,-0.003532680666308894
2019-02-22,2792.6699,0.006390624667742537
2019-02-25,2796.1101,0.0012311096284004983
2019-02-26,2793.8999,-0.0007907678573642157
2019-02-27,2792.3799,-0.0005441904422730449
2019-02-28,2784.49,-0.002829510246944072
2019-03-01,2803.6899,0.006871638313078571
2019-03-04,2792.8101,-0.0038880778007538076
2019-03-05,2789.6499,-0.0011321891558833106
2019-03-06,2771.45,-0.0065454551457063085
2019-03-07,2748.9299,-0.008158940266751345
2019-03-08,2743.0701,-0.0021339410865439507
2019-03-11,2783.3,0.014559506485491713
2019-03-12,2791.52,0.0029489762744178273
2019-03-13,2810.9199,0.006925545971505655
2019-03-14,2808.48,-0.0008683845950616468
2019-03-15,2822.48,0.004972519373935739
2019-03-18,2832.9399,0.0036990752630183237
2019-03-19,2832.5701,-0.0001305442936382633
2019-03-20,2824.23,-0.002948700995456274
2019-03-21,2854.8799,0.010794014599480895
2019-03-22,2800.71,-0.01915681920731027
2019-03-25,2798.3601,-0.0008393894328894387
2019-03-26,2818.46,0.007157069459676148
2019-03-27,2805.3701,-0.004655163262760606
2019-03-28,2815.4399,0.0035830461350551623
2019-03-29,2834.3999,0.0067117199232792635
2019-04-01,2867.1899,0.01150218190353436
2019-04-02,2867.24,1.7473402195147748e-05
2019-04-03,2873.3999,0.002146068198485628
2019-04-04,2879.3899,0.0020824686362514704
2019-04-05,2892.74,0.004625718421421313
2019-04-08,2895.77,0.0010469016298636597
2019-04-09,2878.2,-0.00608595272610467
2019-04-10,2888.21,0.003471834314499749
2019-04-11,2888.3201,3.81197702106429e-05
2019-04-12,2907.4099,0.006587563269860502
2019-04-15,2905.5801,-0.0006295555507356148
2019-04-16,2907.0601,0.0005092350398646701
2019-04-17,2900.45,-0.0022763982294083576
2019-04-18,2905.03,0.0015778199046987368
2019-04-22,2907.97,0.0010115259764941317
2019-04-23,2933.6799,0.00880233031501038
2019-04-24,2927.25,-0.0021941578177337947
2019-04-25,2926.1699,-0.0003690492159152899
2019-04-26,2939.8799,0.004674363645274567
2019-04-29,2943.03,0.0010709327032427903
2019-04-30,2945.8301,0.0009509820792062627
2019-05-01,2923.73,-0.007530446595791227
2019-05-02,2917.52,-0.002126258023403761
2019-05-03,2945.6399,0.009592136693001303
2019-05-06,2932.47,-0.004481005718174968
2019-05-07,2884.05,-0.01664951500981834
2019-05-08,2879.4199,-0.0016067060560347969
2019-05-09,2870.72,-0.0030259808595018596
2019-05-10,2881.3999,0.0037133830511016726
2019-05-13,2811.8701,-0.024426474437570796
2019-05-14,2834.4099,0.0079839893634224
2019-05-15,2850.96,0.005822012301521938
2019-05-16,2876.3201,0.008855954415357753
2019-05-17,2859.53,-0.005854458419773705
2019-05-20,2840.23,-0.006772240853415355
2019-05-21,2864.3601,0.008459939625435921
2019-05-22,2856.27,-0.0028283966108148314
2019-05-23,2822.24,-0.011985681943016436
2019-05-24,2826.0601,0.0013526549633799585
2019-05-28,2802.3899,-0.008410962003432774
2019-05-29,2783.02,-0.006935919833646164
2019-05-30,2788.8601,0.002096277031744833
2019-05-31,2752.0601,-0.013283187543648078
2019-06-03,2744.45,-0.002769067908266677
2019-06-04,2803.27,0.02120590232217955
2019-06-05,2826.1499,0.008128733116814899
2019-06-06,2843.49,0.006116844939692654
2019-06-07,2873.3401,0.010442980027269892
2019-06-10,2886.73,0.0046492226262494244
2019-06-11,2885.72,-0.00034993807146250003
2019-06-12,2879.8401,-0.002039663774722221
2019-06-13,2891.6399,0.004089008864639257
2019-06-14,2886.98,-0.001612807587531756
2019-06-17,2889.6699,0.00093130109699637
2019-06-18,2917.75,0.009670497163039447
2019-06-19,2926.46,0.002980730141062033
2019-06-20,2954.1799,0.00942758127737494
2019-06-21,2950.46,-0.0012599923298071609
2019-06-24,2945.3501,-0.001733400904302287
2019-06-25,2917.3799,-0.009541770544716905
2019-06-26,2913.78,-0.0012347116248143642
2019-06-27,2924.9199,0.0038158883683474492
2019-06-28,2941.76,0.005740945999783157
2019-07-01,2964.3301,0.007643029310015423
2019-07-02,2973.01,0.0029238366128209827
2019-07-03,2995.8201,0.007643109507034923
2019-07-05,2990.4099,-0.0018075488155421986
2019-07-08,2975.95,-0.004847152553144958
2019-07-09,2979.6299,0.001235782419211788
2019-07-10,2993.0701,0.0045005517390433025
2019-07-11,2999.9099,0.0022826049710747607
2019-07-12,3013.77,0.004609531857975653
2019-07-15,3014.3,0.00017584401022740885
2019-07-16,3004.04,-0.003409581359505424
2019-07-17,2984.4199,-0.006552659792503698
2019-07-18,2995.1101,0.0035756025605543887
2019-07-19,2976.6101,-0.006195889480245687
2019-07-22,2985.03,0.002824694365048887
2019-07-23,3005.47,0.006824164701727632
2019-07-24,3019.5601,0.004677196778300731
2019-07-25,3003.6699,-0.005276317479033593
2019-07-26,3025.8601,0.007360540600725698
2019-07-29,3020.97,-0.0016174097784052493
2019-07-30,3013.1799,-0.002582005570623435
2019-07-31,2980.3799,-0.010945190684515766
2019-08-01,2953.5601,-0.009039519316589632
2019-08-02,2932.05,-0.007309419211901018
2019-08-05,2844.74,-0.03023016208358668
2019-08-06,2881.77,0.012933013700777157
2019-08-07,2883.98,0.0007665958837026665
2019-08-08,2938.0901,0.018588459816052425
2019-08-09,2918.6499,-0.006638598058195028
2019-08-12,2882.7,-0.012393791374559437
2019-08-13,2926.3201,0.015018340141399234
2019-08-14,2840.6001,-0.029730362441873767
2019-08-15,2847.6001,0.0024612366961521996
2019-08-16,2888.6799,0.014323046395867118
2019-08-19,2923.6499,0.012033185716061752
2019-08-20,2900.51,-0.007946217877328045
2019-08-21,2924.4299,0.00821297210480141
2019-08-22,2922.95,-0.0005061754347781955
2019-08-23,2847.1101,-0.02628890043473184
2019-08-26,2878.3799,0.010923121308848798
2019-08-27,2869.1599,-0.0032083319923270257
2019-08-28,2887.9399,0.006524141413449647
2019-08-29,2924.5801,0.012607504258443371
2019-08-30,2926.46,0.0006425866282088049
2019-09-03,2906.27,-0.006923029401107576
2019-09-04,2937.78,0.010783722026351545
2019-09-05,2976.0,0.012925922894213253
2019-09-06,2978.71,0.0009102039182753089
2019-09-09,2978.4299,-9.403841605477147e-05
2019-09-10,2979.3899,0.0003222655402596992
2019-09-11,3000.9299,0.007203659291708398
2019-09-12,3009.5701,0.0028750373351772874
2019-09-13,3007.3899,-0.0007246849224239567
2019-09-16,2997.96,-0.0031405023545416464
2019-09-17,3005.7,0.002578428587944307
2019-09-18,3006.73,0.00034262353493549175
2019-09-19,3006.79,1.995503465594414e-05
2019-09-20,2992.0701,-0.004907575538623573
2019-09-23,2991.78,-9.696098511125931e-05
2019-09-24,2966.6001,-0.00845197838104937
2019-09-25,2984.8701,0.006139678693710976
2019-09-26,2977.6201,-0.0024318710236335014
2019-09-27,2961.79,-0.005330541995716127
2019-09-30,2976.74,0.005034926684707536
2019-10-01,2940.25,-0.012334130226057026
2019-10-02,2887.6101,-0.01806540675789211
2019-10-03,2910.6299,0.007940313249194352
2019-10-04,2952.01,0.0141167760260528
2019-10-07,2938.79,-0.004488362257589361
2019-10-08,2893.0601,-0.015683131947807297
2019-10-09,2919.3999,0.009063281399759014
2019-10-10,2938.1299,0.006395209064411206
2019-10-11,2970.27,0.010879567248398938
2019-10-14,2966.1499,-0.0013880758878041508
2019-10-15,2995.6799,0.00990643560457018
2019-10-16,2989.6899,-0.0020015478407895476
2019-10-17,2997.95,0.0027590521066270853
2019-10-18,2986.2,-0.003927045645713622
2019-10-21,3006.72,0.0068481074978751595
2019-10-22,2995.99,-0.0035750557426104746
2019-10-23,3004.52,0.0028430935856431803
2019-10-24,3010.29,0.0019185981834693214
2019-10-25,3022.55,0.0040644263323678705
2019-10-28,3039.4199,0.005565828873633255
2019-10-29,3036.8899,-0.0008327423154771752
2019-10-30,3046.77,0.0032480805464734537
2019-10-31,3037.5601,-0.0030274185926440532
2019-11-01,3066.9099,0.009615912979833942
2019-11-04,3078.27,0.0036972434088297424
2019-11-05,3074.6201,-0.0011864019570633321
2019-11-06,3076.78,0.0007022466604841379
2019-11-07,3085.1799,0.0027263745105253214
2019-11-08,3093.0801,0.0025574204730365348
2019-11-11,3087.01,-0.001964405649033155
2019-11-12,3091.8401,0.0015634303812796658
2019-11-13,3094.04,0.0007112650284779068
2019-11-14,3096.6299,0.0008367107899245784
2019-11-15,3120.46,0.0076660357457708885
2019-11-18,3122.03,0.0005030044207048551
2019-11-19,3120.1799,-0.0005927708564153326
2019-11-20,3108.46,-0.0037632337137877996
2019-11-21,3103.54,-0.0015840312391350534
2019-11-22,3110.29,0.002172573969691297
2019-11-25,3133.6399,0.0074792668150372365
2019-11-26,3140.52,0.0021931550573749954
2019-11-27,3153.6299,0.00416574729448199
2019-11-29,3140.98,-0.004019285461855324
2019-12-02,3113.8701,-0.008668495431824897
2019-12-03,3093.2,-0.0066602039527518175
2019-12-04,3112.76,0.006303638685847347
2019-12-05,3117.4299,0.0014991199143316843
2019-12-06,3145.9099,0.009094252330768451
2019-12-09,3135.96,-0.0031678173789171124
2019-12-10,3132.52,-0.0010975548602935618
2019-12-11,3141.6299,0.002903949235233178
2019-12-12,3168.5701,0.008538671890442804
2019-12-13,3168.8,7.255375541388682e-05
2019-12-16,3191.45,0.007122391651237605
2019-12-17,3192.52,0.0003352146109771036
2019-12-18,3191.1399,-0.00043238519693108854
2019-12-19,3205.3701,0.004449371133993546
2019-12-20,3221.22,0.004932610261391819
2019-12-23,3224.01,0.00086575659030548
2019-12-24,3223.3799,-0.0001954589413016008
2019-12-26,3239.9099,0.00511505334035266
2019-12-27,3240.02,3.398184909698199e-05
2019-12-30,3221.29,-0.0057976021775765895
2019-12-31,3230.78,0.0029416937024937355
2020-01-02,3257.8501,0.00834390514978309
2020-01-03,3234.8501,-0.007084909359839504
2020-01-06,3246.28,0.0035271354449885476
2020-01-07,3237.1799,-0.002807175833974325
2020-01-08,3253.05,0.004890468249821333
2020-01-09,3274.7,0.006633244037575673
2020-01-10,3265.3501,-0.0028592766804582032
2020-01-13,3288.1299,0.0069519985553048325
2020-01-14,3283.1499,-0.0015156867779034724
2020-01-15,3289.29,0.0018684390818971862
2020-01-16,3316.8101,0.008331771781651686
2020-01-17,3329.6201,0.0038547056017280905
2020-01-21,3320.79,-0.002655506970599219
2020-01-22,3321.75,0.00028904605969510904
2020-01-23,3325.54,0.0011403144471457103
2020-01-24,3295.47,-0.009083268789936675
2020-01-27,3243.6299,-0.0158557559480411
2020-01-28,3276.24,0.01000338118224672
2020-01-29,3273.3999,-0.0008672538403249466
2020-01-30,3283.6599,0.0031294539584422647
2020-01-31,3225.52,-0.017864445938820493
2020-02-03,3248.9199,0.007228425083450842
2020-02-04,3297.5901,0.01486932632270232
2020-02-05,3334.6899,0.011187762569961991
2020-02-06,3345.78,0.0033201587174575293
2020-02-07,3327.71,-0.005415470514539197
2020-02-10,3352.0901,0.007299681994505119
2020-02-11,3357.75,0.00168704507351715
2020-02-12,3379.45,0.0064418675537450355
2020-02-13,3373.9399,-0.0016318030809039043
2020-02-14,3380.1599,0.0018418447883728302
2020-02-18,3370.29,-0.0029242219939107773
2020-02-19,3386.1499,0.0046947591823759665
2020-02-20,3373.23,-0.003822810945766042
2020-02-21,3337.75,-0.010573815022893411
2020-02-24,3225.8899,-0.034088077119718924
2020-02-25,3128.21,-0.030747894188901708
2020-02-26,3116.3899,-0.003785707429141436
2020-02-27,2978.76,-0.045168142012242396
2020-02-28,2954.22,-0.00827244991427585
2020-03-02,3090.23,0.04501086517277787
2020-03-03,3003.3701,-0.028510496965974956
2020-03-04,3130.1201,0.041336349592367705
2020-03-05,3023.9399,-0.034510790641792875
2020-03-06,2972.3701,-0.017200935741993616
2020-03-09,2746.5601,-0.07901039208227291
2020-03-10,2882.23,0.04821504412661991
2020-03-11,2741.3799,-0.0501028933153897
2020-03-12,2480.6399,-0.09994485568020663
2020-03-13,2711.02,0.08880839675292464
2020-03-16,2386.1299,-0.12765218306533924
2020-03-17,2529.1899,0.05822628906125666
2020-03-18,2398.1001,-0.05322225498339527
2020-03-19,2409.3899,0.004696763073460723
2020-03-20,2304.9199,-0.04432763662433127
2020-03-23,2237.3999,-0.029731492566541326
2020-03-24,2447.3301,0.08968324250380817
2020-03-25,2475.5601,0.011468998208523158
2020-03-26,2630.0701,0.060543826378568824
2020-03-27,2541.47,-0.03426784604443033
2020-03-30,2626.6499,0.03296657815014714
2020-03-31,2584.5901,-0.016142305210898853
2020-04-01,2470.5,-0.045146367418007594
2020-04-02,2526.8999,0.02257265612944036
2020-04-03,2488.6499,-0.015252860840200081
2020-04-06,2663.6799,0.06796823320806748
2020-04-07,2659.4099,-0.0016043317232304628
2020-04-08,2749.98,0.033489382847015935
2020-04-09,2789.8201,0.014383474542832082
2020-04-13,2761.6299,-0.01015606456245454
2020-04-14,2846.0601,0.03011456789724921
2020-04-15,2783.3601,-0.02227674988750678
2020-04-16,2799.55,0.0057998230646387535
2020-04-17,2874.5601,0.026440963867117688
2020-04-20,2823.1599,-0.018042864309024128
2020-04-21,2736.5601,-0.031155095816266385
2020-04-22,2799.3101,0.022671300242961868
2020-04-23,2797.8,-0.0005395999041152027
2020-04-24,2836.74,0.013822111461719605
2020-04-27,2878.48,0.014606871524449172
2020-04-28,2863.3899,-0.005256174383759823
2020-04-29,2939.51,0.026236698130889177
2020-04-30,2912.4299,-0.009255150860855394
2020-05-01,2830.71,-0.02846018635123911
2020-05-04,2842.74,0.0042408122145938705
2020-05-05,2868.4399,0.00899991732738227
2020-05-06,2848.4199,-0.007003873643627521
2020-05-07,2881.1899,0.01143894906335469
2020-05-08,2929.8,0.01673079277043223
2020-05-11,2930.1899,0.00013307190190723928
2020-05-12,2870.1201,-0.020713357629562903
2020-05-13,2820.0,-0.017616990635854767
2020-05-14,2852.5,0.01145891780407149
2020-05-15,2863.7,0.003918692254435327
2020-05-18,2953.9099,0.0310151876199215
2020-05-19,2922.9399,-0.010539757778119907
2020-05-20,2971.6101,0.016514002281781796
2020-05-21,2948.51,-0.00780396912441398
2020-05-22,2955.45,0.002350965520250863
2020-05-26,2991.77,0.012214261971750162
2020-05-27,3036.1299,0.014718459679629982
2020-05-28,3029.73,-0.0021101385393776264
2020-05-29,3044.3101,0.004800800706969944
2020-06-01,3055.73,0.003744209268851587
2020-06-02,3080.8201,0.008177311160913735
2020-06-03,3122.8701,0.013556655038617247
2020-06-04,3112.3501,-0.003374382826809357
2020-06-05,3193.9299,0.02587400216210068
2020-06-08,3232.3899,0.011969668608388082
2020-06-09,3207.1799,-0.007829755581376987
2020-06-10,3190.1399,-0.0053272435431177614
2020-06-11,3002.1001,-0.06075269454208999
2020-06-12,3041.3101,0.012976299439118075
2020-06-15,3066.5901,0.008277851152373124
2020-06-16,3124.74,0.018784852043162676
2020-06-17,3113.49,-0.003606796221336869
2020-06-18,3115.3401,0.0005940441542647076
2020-06-19,3097.74,-0.005665514300189248
2020-06-22,3117.8601,0.0064740877637197505
2020-06-23,3131.29,0.004298159097032061
2020-06-24,3050.3301,-0.026195245949416766
2020-06-25,3083.76,0.01089981739007166
2020-06-26,3009.05,-0.024525217335129464
2020-06-29,3053.24,0.014578907539069857
2020-06-30,3100.29,0.01529233363768146
2020-07-01,3115.8601,0.005009574193531731
2020-07-02,3130.01,0.004530969738785765
2020-07-06,3179.72,0.015756943165826313
2020-07-07,3145.3201,-0.01087747702372038
2020-07-08,3169.9399,0.007796963141685937
2020-07-09,3152.05,-0.005659593904948943
2020-07-10,3185.04,0.010411813000986475
2020-07-13,3155.22,-0.00940662366648347
2020-07-14,3197.52,0.013317285189446137
2020-07-15,3226.5601,0.009041075877543929
2020-07-16,3215.5701,-0.0034119182072365776
2020-07-17,3224.73,0.0028445588044740708
2020-07-20,3251.8401,0.008371794922284731
2020-07-21,3257.3,0.0016776106203393963
2020-07-22,3276.02,0.005730639622957727
2020-07-23,3235.6599,-0.012396376192837734
2020-07-24,3215.6299,-0.006209630936814592
2020-07-27,3239.4099,0.007367919738353258
2020-07-28,3218.4399,-0.006494444545821185
2020-07-29,3258.4399,0.012351783509674948
2020-07-30,3246.22,-0.003757280031150208
2020-07-31,3271.1201,0.007641221962940272
2020-08-03,3294.6101,0.00715536566594263
2020-08-04,3306.51,0.0036054223254121686
2020-08-05,3327.77,0.0064091575198012216
2020-08-06,3349.1599,0.00640712827419005
2020-08-07,3351.28,0.0006328241436065945
2020-08-10,3360.47,0.0027384827334759297
2020-08-11,3333.6899,-0.008001076540012132
2020-08-12,3380.3501,0.01389951540750514
2020-08-13,3373.4299,-0.0020492827488653733
2020-08-14,3372.8501,-0.00017188732202856133
2020-08-17,3381.99,0.002706179700074356
2020-08-18,3389.78,0.002300728889572129
2020-08-19,3374.8501,-0.00441411400799994
2020-08-20,3385.51,0.003153651189335086
2020-08-21,3397.1599,0.0034351993029498864
2020-08-24,3431.28,0.009993610391285334
2020-08-25,3443.6201,0.0035899032926029555
2020-08-26,3478.73,0.01014401195043249
2020-08-27,3484.55,0.0016716264045830256
2020-08-28,3508.01,0.00671001407851169
2020-08-31,3500.3101,-0.0021973605623918048
2020-09-01,3526.6499,0.007496818926814166
2020-09-02,3580.8401,0.0152490541901656
2020-09-03,3455.0601,-0.03575758553966423
2020-09-04,3426.96,-0.008166281339922978
2020-09-08,3331.8401,-0.028148836850612823
2020-09-09,3398.96,0.019944768520225944
2020-09-10,3339.1899,-0.017741269817969925
2020-09-11,3340.97,0.0005329513271484091
2020-09-14,3383.54,0.012661314711189059
2020-09-15,3401.2,0.005205811831507181
2020-09-16,3385.49,-0.004629658363745304
2020-09-17,3357.01,-0.008447955322129995
2020-09-18,3319.47,-0.011245565213035068
2020-09-21,3281.0601,-0.01163856023328854
2020-09-22,3315.5701,0.010463013321640107
2020-09-23,3236.9199,-0.024007355215383903
2020-09-24,3246.5901,0.0029830160424714155
2020-09-25,3298.46,0.01585044733696148
2020-09-28,3351.6001,0.015982180710499286
2020-09-29,3335.47,-0.004824274620304632
2020-09-30,3363.0,0.008219833784947334
2020-10-01,3380.8,0.005278935121522738
2020-10-02,3348.4199,-0.0096238049565307
2020-10-05,3408.6001,0.017813116223432103
2020-10-06,3360.97,-0.014072056358330686
2020-10-07,3419.4399,0.017247142944376154
2020-10-08,3446.8301,0.007978231350353955
2020-10-09,3477.1399,0.008755090968819029
2020-10-12,3534.22,0.016282536313335257
2020-10-13,3511.9299,-0.006326908928120747
2020-10-14,3488.6699,-0.006645169344888089
2020-10-15,3483.3401,-0.0015289137675462187
2020-10-16,3483.8101,0.00013491886559672435
2020-10-19,3426.9199,-0.01646468178356088
2020-10-20,3443.1201,0.004716196711445668
2020-10-21,3435.5601,-0.002198096967475522
2020-10-22,3453.49,0.005205344778990405
2020-10-23,3465.3899,0.0034398376343483025
2020-10-26,3400.97,-0.01876446651276594
2020-10-27,3390.6799,-0.0030302232963619175
2020-10-28,3271.03,-0.035925541733399326
2020-10-29,3310.1101,0.011876531654281495
2020-10-30,3269.96,-0.012203699257211351
2020-11-02,3310.24,0.012242941894852779
2020-11-03,3369.1599,0.01764273113976949
2020-11-04,3443.4399,0.02180751722459777
2020-11-05,3510.45,0.019273291710741144
2020-11-06,3509.4399,-0.00028778229327254095
2020-11-09,3550.5,0.011631986544879366
2020-11-10,3545.53,-0.0014007834839128777
2020-11-11,3572.6599,0.007622733236580265
2020-11-12,3537.01,-0.010028650918596152
2020-11-13,3585.1499,0.01351854881353869
2020-11-16,3626.9099,0.01158073223781288
2020-11-17,3609.53,-0.004803448562423891
2020-11-18,3567.79,-0.011631213479601318
2020-11-19,3581.8701,0.003938681840916141
2020-11-20,3557.54,-0.006815743554647316
2020-11-23,3577.5901,0.005620122546834858
2020-11-24,3635.4099,0.016032452098294566
2020-11-25,3629.6499,-0.001585672070281109
2020-11-27,3638.3501,0.002394112315803866
2020-11-30,3621.6299,-0.004606136535359951
2020-12-01,3662.45,0.011208149247894879
2020-12-02,3669.01,0.0017895485348597621
2020-12-03,3666.72,-0.0006243414287024246
2020-12-04,3699.1201,0.008797451078871196
2020-12-07,3691.96,-0.0019374982121646263
2020-12-08,3702.25,0.0027832605897471193
2020-12-09,3672.8201,-0.007980956333667728
2020-12-10,3668.1001,-0.0012859425036208737
2020-12-11,3663.46,-0.0012657880604534375
2020-12-14,3647.49,-0.0043687962305264194
2020-12-15,3694.6201,0.012838474692829475
2020-12-16,3701.1699,0.001771224362064208
2020-12-17,3722.48,0.0057411539661148085
2020-12-18,3709.4099,-0.003517305463488601
2020-12-21,3694.9199,-0.003913931142698518
2020-12-22,3687.26,-0.002075241419957014
2020-12-23,3690.01,0.0007455332737925254
2020-12-24,3703.0601,0.003530363807621059
2020-12-28,3735.3601,0.008684694369857252
2020-12-29,3727.04,-0.002229873321192395
2020-12-30,3732.04,0.0013406481091209083
2020-12-31,3756.0701,0.006418223602363756
2021-01-04,3700.6499,-0.014864771769224907
2021-01-05,3726.8601,0.007057630025241565
2021-01-06,3748.1399,0.0056936073540782015
2021-01-07,3803.79,0.014738247858241089
2021-01-08,3824.6799,0.005476839390127243
2021-01-11,3799.6101,-0.006576321297195737
2021-01-12,3801.1899,0.00041569309092447424
2021-01-13,3809.8401,0.0022730704581438083
2021-01-14,3795.54,-0.0037605265388745705
2021-01-15,3768.25,-0.007215990506594139
2021-01-19,3798.9099,0.008103454448169666
2021-01-20,3851.8501,0.01383942117257678
2021-01-21,3853.0701,0.0003166807646354167
2021-01-22,3841.47,-0.00301515324825853
2021-01-25,3855.3601,0.003609307961462827
2021-01-26,3849.6201,-0.0014899457008001333
2021-01-27,3750.77,-0.026013315868638212
2021-01-28,3787.3799,0.009713308524122166
2021-01-29,3714.24,-0.01950037956365066
2021-02-01,3773.8601,0.015924295638786157
2021-02-02,3826.3101,0.013802541602421144
2021-02-03,3830.1699,0.0010082440826528817
2021-02-04,3871.74,0.010794855877440189
2021-02-05,3886.8301,0.003889922713460068
2021-02-08,3915.5901,0.007372104940914913
2021-02-09,3911.23,-0.0011141435206928618
2021-02-10,3909.8799,-0.000345245120110264
2021-02-11,3916.3799,0.0016610748072916825
2021-02-12,3934.8301,0.0046999720968684934
2021-02-16,3932.5901,-0.0005694369955041351
2021-02-17,3931.3301,-0.0003204508638788187
2021-02-18,3913.97,-0.004425612306311029
2021-02-19,3906.71,-0.0018566165820490526
2021-02-22,3876.5,-0.007762902892533376
2021-02-23,3881.3701,0.0012555251833221816
2021-02-24,3925.4299,0.011287664038767272
2021-02-25,3829.3401,-0.024783383201487447
2021-02-26,3811.1499,-0.00476153607103222
2021-03-01,3901.8201,0.023512181949861776
2021-03-02,3870.29,-0.008113696941617949
2021-03-03,3819.72,-0.013152318131987126
2021-03-04,3768.47,-0.013508037960082262
2021-03-05,3841.9399,0.019308337787066563
2021-03-08,3821.3501,-0.00537363183326193
2021-03-09,3875.4399,0.014055389446329294
2021-03-10,3898.8101,0.006012225075486786
2021-03-11,3939.3401,0.010341817954390289
2021-03-12,3943.3401,0.001014883324412736
2021-03-15,3968.9399,0.006470926035999347
2021-03-16,3962.71,-0.0015708966885024493
2021-03-17,3974.1201,0.0028752304677808174
2021-03-18,3915.46,-0.014870545764613177
2021-03-19,3913.1001,-0.000602895051283216
2021-03-22,3940.5901,0.007000559372378099
2021-03-23,3910.52,-0.007660126186859508
2021-03-24,3889.1399,-0.005482329697449497
2021-03-25,3909.52,0.005226576528552477
2021-03-26,3974.54,0.016494413826353246
2021-03-29,3971.0901,-0.0008683767488223089
2021-03-30,3958.55,-0.0031628447938841803
2021-03-31,3972.8899,0.003615967795400912
2021-04-01,4019.8701,0.01175582428390844
2021-04-05,4077.9099,0.014334989068374257
2021-04-06,4073.9399,-0.0009740121349786755
2021-04-07,4079.95,0.0014741678296181662
2021-04-08,4097.1699,0.0042117336337160905
2021-04-09,4128.7998,0.007690292339420789
2021-04-12,4127.9902,-0.0001961052667184507
2021-04-13,4141.5898,0.003289069640782914
2021-04-14,4124.6602,-0.004096083150219321
2021-04-15,4170.4199,0.011033085548909699
2021-04-16,4185.4702,0.0036023250892980316
2021-04-19,4163.2598,-0.005320678090511675
2021-04-20,4134.9399,-0.006825579275577724
2021-04-21,4173.4199,0.00926302569209731
2021-04-22,4134.98,-0.009253327895628998
2021-04-23,4180.1699,0.01086939993906966
2021-04-26,4187.6201,0.0017806856932636585
2021-04-27,4186.7202,-0.00021491842252078727
2021-04-28,4183.1802,-0.000845888252405112
2021-04-29,4211.4702,0.006740032222547358
2021-04-30,4181.1699,-0.007220715124308544
2021-05-03,4192.6602,0.002744337316204057
2021-05-04,4164.6602,-0.006700737419690891
2021-05-05,4167.5898,0.0007031954443804451
2021-05-06,4201.6201,0.008132305905622235
2021-05-07,4232.6001,0.0073462960636077775
2021-05-10,4188.4302,-0.010490475274578066
2021-05-11,4152.1001,-0.008711755359605885
2021-05-12,4063.04,-0.021682792536882413
2021-05-13,4112.5,0.012099654192200689
2021-05-14,4173.8501,0.01480777912515529
2021-05-17,4163.29,-0.0025332681280973417
2021-05-18,4127.8301,-0.0085537577020345
2021-05-19,4115.6802,-0.002947751226265737
2021-05-20,4159.1201,0.01049941931751669
2021-05-21,4155.8599,-0.0007841751073522773
2021-05-24,4197.0498,0.009862487528944242
2021-05-25,4188.1299,-0.002127540180112374
2021-05-26,4195.9902,0.0018750452544051735
2021-05-27,4200.8799,0.0011646483736128318
2021-05-28,4204.1099,0.0007685910954955957
2021-06-01,4202.04,-0.0004924727887221105
2021-06-02,4208.1201,0.0014458942486147396
2021-06-03,4192.8501,-0.003635298412696689
2021-06-04,4229.8901,0.008795294143248063
2021-06-07,4226.52,-0.0007970522097587213
2021-06-08,4227.2598,0.0001750223023049304
2021-06-09,4219.5498,-0.0018255418332614414
2021-06-10,4239.1802,0.004641461600437423
2021-06-11,4247.4399,0.0019465234712153475
2021-06-14,4255.1499,0.0018135655828523164
2021-06-15,4246.5898,-0.002013729705857135
2021-06-16,4223.7002,-0.005404692334833238
2021-06-17,4221.8599,-0.0004358029561890723
2021-06-18,4166.4502,-0.013211363259518182
2021-06-21,4224.79,0.013905153141239511
2021-06-22,4246.4399,0.005111405874197504
2021-06-23,4241.8398,-0.0010838710817555274
2021-06-24,4266.4902,0.0057944318028640114
2021-06-25,4280.7002,0.003325072316692429
2021-06-28,4290.6099,0.0023122963233731817
2021-06-29,4291.7998,0.0002772880925559911
2021-06-30,4297.5,0.0013272795151061919
2021-07-01,4319.9399,0.005208031847341378
2021-07-02,4352.3398,0.007472095427540494
2021-07-06,4343.54,-0.002023901711197804
2021-07-07,4358.1299,0.0033533594906819744
2021-07-08,4320.8198,-0.008597890558463597
2021-07-09,4369.5498,0.01121483043477715
2021-07-12,4384.6299,0.003445237688302239
2021-07-13,4369.21,-0.003523006160705296
2021-07-14,4374.2998,0.001164246553465819
2021-07-15,4360.0298,-0.0032675690866391734
2021-07-16,4327.1602,-0.0075674083007627015
2021-07-19,4258.4902,-0.015996799582650833
2021-07-20,4323.0601,0.01504882365490495
2021-07-21,4358.6899,0.008208022584447817
2021-07-22,4367.48,0.002014653180915904
2021-07-23,4411.79,0.010094319060166316
2021-07-26,4422.2998,0.0023793747168766
2021-07-27,4401.46,-0.004723573447312945
2021-07-28,4400.6401,-0.00018629645040542386
2021-07-29,4419.1499,0.004197339658867141
2021-07-30,4395.2598,-0.0054207052569735185
2021-08-02,4387.1602,-0.0018445035187035668
2021-08-03,4423.1499,0.008169950836753299
2021-08-04,4402.6602,-0.0046431401942389275
2021-08-05,4429.1001,0.005987476582415816
2021-08-06,4436.52,0.0016738596169775285
2021-08-09,4432.3501,-0.000940345333791698
2021-08-10,4436.75,0.000992186425080875
2021-08-11,4447.7,0.002464982197991973
2021-08-12,4460.8301,0.002947761159298235
2021-08-13,4468.0,0.0016060114171270044
2021-08-16,4479.71,0.0026174309818667143
2021-08-17,4448.0801,-0.0070857473091584244
2021-08-18,4400.27,-0.01080666220175435
2021-08-19,4405.7998,0.001255906630866394
2021-08-20,4441.6699,0.008108600029730737
2021-08-23,4479.5298,0.008487676223046688
2021-08-24,4486.23,0.0014946198418768768
2021-08-25,4496.1899,0.0022176438404651892
2021-08-26,4470.0,-0.005841940618416614
2021-08-27,4509.3701,0.008769067728944095
2021-08-30,4528.79,0.004297319293010224
2021-08-31,4522.6802,-0.0013500129355656846
2021-09-01,4524.0898,0.00031162503554463944
2021-09-02,4536.9502,0.002838616458040825
2021-09-03,4535.4302,-0.0003350829544631136
2021-09-07,4520.0298,-0.0034013545082278085
2021-09-08,4514.0698,-0.001319445462980044
2021-09-09,4493.2798,-0.0046162384812883945
2021-09-10,4458.5801,-0.007752550683550183
2021-09-13,4468.73,0.0022738998107479642
2021-09-14,4443.0498,-0.005763219391926047
2021-09-15,4480.7002,0.008438296323251835
2021-09-16,4473.75,-0.0015523457589172464
2021-09-17,4432.9902,-0.009152638030158868
2021-09-20,4357.73,-0.01712306549004436
2021-09-21,4354.1899,-0.0008127026500434412
2021-09-22,4395.6401,0.009474586380290731
2021-09-23,4448.98,0.012061693113434819
2021-09-24,4455.48,0.001459942804959862
2021-09-27,4443.1099,-0.002780240039633838
2021-09-28,4352.6299,-0.020574322055332436
2021-09-29,4359.46,0.0015679593479206503
2021-09-30,4307.54,-0.011981220973814677
2021-10-01,4357.04,0.011425952216359555
2021-10-04,4300.46,-0.013070933999937525
2021-10-05,4345.7202,0.010469504999553951
2021-10-06,4363.5498,0.0040944016911015554
2021-10-07,4399.7598,0.008264048112232062
2021-10-08,4391.3398,-0.0019155743781388537
2021-10-11,4361.1899,-0.006889441175804082
2021-10-12,4350.6499,-0.002419696731012319
2021-10-13,4363.7998,0.0030179553347657734
2021-10-14,4438.2598,0.016919171105043044
2021-10-15,4471.3701,0.0074325090481373365
2021-10-18,4486.46,0.0033691003524570426
2021-10-19,4519.6299,0.007366137880338079
2021-10-20,4536.1899,0.0036573206677255115
2021-10-21,4549.7798,0.0029914055588603043
2021-10-22,4544.8999,-0.0010731330028727936
2021-10-25,4566.48,0.00473696423363219
2021-10-26,4574.79,0.001818128616510003
2021-10-27,4551.6802,-0.005064356511624948
2021-10-28,4596.4199,0.009781278344207965
2021-10-29,4605.3799,0.0019474457229045343
2021-11-01,4613.6699,0.001798450472509106
2021-11-02,4630.6499,0.0036736113555949357
2021-11-03,4660.5698,0.006440489922507373
2021-11-04,4680.0601,0.004173236386713902
2021-11-05,4697.5298,0.0037258443578142147
2021-11-08,4701.7002,0.0008873918977766564
2021-11-09,4685.25,-0.0035049119233799596
2021-11-10,4646.71,-0.008259833757375561
2021-11-11,4649.27,0.0005507757255752215
2021-11-12,4682.8501,0.0071967022655550425
2021-11-15,4682.7998,-1.0741379517177051e-05
2021-11-16,4700.8999,0.0038577795595556223
2021-11-17,4688.6699,-0.00260501964982348
2021-11-18,4704.54,0.003379061102524433
2021-11-19,4697.96,-0.0013996279870592404
2021-11-22,4682.9399,-0.003202275473674823
2021-11-23,4690.7002,0.0016557712244478784
2021-11-24,4701.46,0.002291231085938874
2021-11-26,4594.6201,-0.0229870232086985
2021-11-29,4655.27,0.013113835628098357
2021-11-30,4567.0,-0.019143376992336782
2021-12-01,4513.04,-0.011885550113429818
2021-12-02,4577.1001,0.014094647563591505
2021-12-03,4538.4302,-0.008484450317427047
2021-12-06,4591.6699,0.01166258920925261
2021-12-07,4686.75,0.02049560795031451
2021-12-08,4701.21,0.003080543895616996
2021-12-09,4667.4502,-0.007206995537259129
2021-12-10,4712.02,0.009503763968929562
2021-12-13,4668.9702,-0.009178157377043689
2021-12-14,4634.0898,-0.007498729116294103
2021-12-15,4709.8501,0.016216277290422892
2021-12-16,4668.6699,-0.008781868494228337
2021-12-17,4620.6401,-0.010340967845245384
2021-12-20,4568.02,-0.01145339465222509
2021-12-21,4649.23,0.01762176386180875
2021-12-22,4696.5601,0.010128732644456274
2021-12-23,4725.79,0.00620439560314492
2021-12-27,4791.1899,0.013744051197255589
2021-12-28,4786.3501,-0.0010106562670495135
2021-12-29,4793.0601,0.0014009215509761218
2021-12-30,4778.73,-0.002994238393575073
2021-12-31,4766.1802,-0.0026296333792205826
2022-01-03,4796.5601,0.006353827721501595
2022-01-04,4793.54,-0.0006298370336797239
2022-01-05,4700.5801,-0.019583251501832124
2022-01-06,4696.0498,-0.0009642393920414291
2022-01-07,4677.0298,-0.004058436910401298
2022-01-10,4670.29,-0.001442082075336308
2022-01-11,4713.0698,0.009118289677805012
2022-01-12,4726.3501,0.0028137976491929336
2022-01-13,4659.0298,-0.01434602654427307
2022-01-14,4662.8501,0.0008196415862162241
2022-01-18,4577.1099,-0.018559097878394968
2022-01-19,4532.7598,-0.009736791380036821
2022-01-20,4482.73,-0.011098745531011806
2022-01-21,4397.9399,-0.019096009096553658
2022-01-24,4410.1299,0.002767918070466212
2022-01-25,4356.4502,-0.012246593378153049
2022-01-26,4349.9302,-0.0014977524342583354
2022-01-27,4326.5098,-0.005398632822385761
2022-01-28,4431.8501,0.024055960498375634
2022-01-31,4515.5498,0.018709824656062555
2022-02-01,4546.54,0.006839552794698399
2022-02-02,4589.3799,0.009378412785082162
2022-02-03,4477.4399,-0.024693484712930994
2022-02-04,4500.5298,0.005143690985837567
2022-02-07,4483.8701,-0.0037085880592355146
2022-02-08,4521.54,0.008366108660616054
2022-02-09,4587.1802,0.01441285599812677
2022-02-10,4504.0801,-0.018281824908007893
2022-02-11,4418.6401,-0.01915169580476044
2022-02-14,4401.6699,-0.003847987415366838
2022-02-15,4471.0698,0.015643717199000595
2022-02-16,4475.0098,0.0008808328185996869
2022-02-17,4380.2598,-0.02140050397077605
2022-02-18,4348.8701,-0.007191973463750329
2022-02-22,4304.7598,-0.010194723497493289
2022-02-23,4225.5,-0.018583743734135204
2022-02-24,4288.7002,0.014846106345712727
2022-02-25,4384.6499,0.022126078923741972
2022-02-28,4373.9399,-0.0024456003951703748
2022-03-01,4306.2598,-0.015594450337468245
2022-03-02,4386.54,0.018471029893004472
2022-03-03,4363.4902,-0.005268519717031241
2022-03-04,4328.8701,-0.007965680635569444
2022-03-07,4201.0898,-0.02996259325794548
2022-03-08,4170.7002,-0.00726003243782159
2022-03-09,4277.8799,0.02537360101599016
2022-03-10,4259.52,-0.004301058523325394
2022-03-11,4204.3101,-0.013046264499396922
2022-03-14,4173.1099,-0.007448676145163794
2022-03-15,4262.4502,0.021182622024970933
2022-03-16,4357.8599,0.022136928974541403
2022-03-17,4411.6699,0.012272191684392812
2022-03-18,4463.1201,0.011594815519322477
2022-03-21,4461.1802,-0.0004347455745195577
2022-03-22,4511.6099,0.011240702264022406
2022-03-23,4456.2402,-0.012348646105121793
2022-03-24,4520.1602,0.0142420296743806
2022-03-25,4543.0601,0.00505338013955333
2022-03-28,4575.52,0.007119537637225959
2022-03-29,4631.6001,0.012182048876066111
2022-03-30,4602.4502,-0.006313588486644048
2022-03-31,4530.4102,-0.015776326588398722
2022-04-01,4545.8599,0.0034044193819054934
2022-04-04,4582.6401,0.008058366442153127
2022-04-05,4525.1201,-0.012631154859671487
2022-04-06,4481.1499,-0.009764430637262157
2022-04-07,4500.21,0.004244374755211923
2022-04-08,4488.2798,-0.00265455204847812
2022-04-11,4412.5298,-0.0170213345279209
2022-04-12,4397.4502,-0.0034233028284936023
2022-04-13,4446.5898,0.011112592363942507
2022-04-14,4392.5898,-0.012218480504463256
2022-04-18,4391.6899,-0.00020488874076888134
2022-04-19,4462.21,0.015930062931775152
2022-04-20,4459.4502,-0.0006186741091143356
2022-04-21,4393.6602,-0.014862846644920295
2022-04-22,4271.7798,-0.02813208286005661
2022-04-25,4296.1201,0.005681757668569282
2022-04-26,4175.2002,-0.02855000380519426
2022-04-27,4183.96,0.0020958572385146486
2022-04-28,4287.5,0.02444564600458133
2022-04-29,4131.9302,-0.03695915392332947
2022-05-02,4155.3799,0.005659197568658232
2022-05-03,4175.48,0.004825465616761077
2022-05-04,4300.1699,0.029425211792711823
2022-05-05,4146.8701,-0.036300676621782775
2022-05-06,4123.3398,-0.005690390879591651
2022-05-09,3991.24,-0.03256150648250866
2022-05-10,4001.05,0.0024548671098168664
2022-05-11,3935.1799,-0.016600227932322038
2022-05-12,3930.0801,-0.001296791387616073
2022-05-13,4023.8899,0.023589264235278046
2022-05-16,4008.01,-0.003954212798702348
2022-05-17,4088.8501,0.019968922591194902
2022-05-18,3923.6799,-0.04123381792847181
2022-05-19,3900.79,-0.005850866727327065
2022-05-20,3901.3601,0.00014613920360614753
2022-05-23,3973.75,0.01838499731444223
2022-05-24,3941.48,-0.008153945948249348
2022-05-25,3978.73,0.009406385602538606
2022-05-26,4057.8401,0.01968816408299731
2022-05-27,4158.2402,0.024441118944911626
2022-05-31,4132.1499,-0.006294127494147463
2022-06-01,4101.23,-0.007510899711666156
2022-06-02,4176.8198,0.018263214854883702
2022-06-03,4108.54,-0.01648240931908153
2022-06-06,4121.4302,0.003132504790968752
2022-06-07,4160.6802,0.009478331476285417
2022-06-08,4115.77,-0.010852633606485144
2022-06-09,4017.8201,-0.02408644504461616
2022-06-10,3900.8601,-0.029542424589107386
2022-06-13,3749.6299,-0.03953992550362897
2022-06-14,3735.48,-0.0037808173946970044
2022-06-15,3789.99,0.014487056184644877
2022-06-16,3666.77,-0.033052215017083934
2022-06-17,3674.8401,0.002198455962779235
2022-06-21,3764.79,0.02418246128971606
2022-06-22,3759.8899,-0.0013024077456519265
2022-06-23,3795.73,0.009487075657180464
2022-06-24,3911.74,0.030105537080807647
2022-06-27,3900.1101,-0.002977504289823121
2022-06-28,3821.55,-0.020348684023550882
2022-06-29,3818.8301,-0.0007119803149314159
2022-06-30,3785.3799,-0.008797867434066409
2022-07-01,3825.3301,0.010498512474604482
2022-07-05,3831.3899,0.001582871324856268
2022-07-06,3845.0801,0.003566799457030911
2022-07-07,3902.6201,0.014853713087749605
2022-07-08,3899.3799,-0.0008306075842827254
2022-07-11,3854.4299,-0.01159443027717642
2022-07-12,3818.8,-0.009286873074843084
2022-07-13,3801.78,-0.004466859031662644
2022-07-14,3790.3799,-0.003003126572164298
2022-07-15,3863.1599,0.019019223989550024
2022-07-18,3830.8501,-0.008398738739448835
2022-07-19,3936.6899,0.027253506513884546
2022-07-20,3959.8999,0.0058785038672229985
2022-07-21,3998.95,0.009813079491612175
2022-07-22,3961.6299,-0.009376295165558251
2022-07-25,3966.8401,0.001314301687463995
2022-07-26,3921.05,-0.011610358104732104
2022-07-27,4023.6101,0.025820059386866705
2022-07-28,4072.4299,0.012060313867023076
2022-07-29,4130.29,0.014107774093655833
2022-08-01,4118.6299,-0.0028270629142373442
2022-08-02,4091.1899,-0.006684702672815086
2022-08-03,4155.1699,0.015517461126397614
2022-08-04,4151.9399,-0.0007776471578055255
2022-08-05,4145.1899,-0.001627069035158774
2022-08-08,4140.0601,-0.0012382971317690986
2022-08-09,4122.4702,-0.004257757837984153
2022-08-10,4210.2402,0.021067153896483275
2022-08-11,4207.27,-0.0007057193998464985
2022-08-12,4280.1499,0.017174051046168808
2022-08-15,4297.1401,0.00396167605889174
2022-08-16,4305.2002,0.0018739324596749468
2022-08-17,4274.04,-0.007264125095926922
2022-08-18,4283.7402,0.0022669907213344587
2022-08-19,4228.48,-0.012983916069532885
2022-08-22,4137.9902,-0.021632379392643838
2022-08-23,4128.73,-0.0022403573966938675
2022-08-24,4140.77,0.002911907251337381
2022-08-25,4199.1201,0.013993242459803342
2022-08-26,4057.6599,-0.034268575208244896
2022-08-29,4030.6101,-0.006688674054377682
2022-08-30,3986.1599,-0.011089417688594195
2022-08-31,3955.0,-0.007847735170298194
2022-09-01,3966.8501,0.0029917528580290054
2022-09-02,3924.26,-0.010794555650084825
2022-09-06,3908.1899,-0.004103472797107165
2022-09-07,3979.8701,0.018174854942300117
2022-09-08,4006.1799,0.006588963301096609
2022-09-09,4067.3601,0.015156021054425109
2022-09-12,4110.4102,0.010528663952442601
2022-09-13,3932.6899,-0.04419918420441579
2022-09-14,3946.01,0.003381297132769869
2022-09-15,3901.3501,-0.011382269092585887
2022-09-16,3873.3301,-0.0072080447288216
2022-09-19,3899.8899,0.00683369398020931
2022-09-20,3855.9299,-0.011336124845404432
2022-09-21,3789.9299,-0.01726467424140515
2022-09-22,3757.99,-0.00846328288321987
2022-09-23,3693.23,-0.017382826077567966
2022-09-26,3655.04,-0.010394376865970473
2022-09-27,3647.29,-0.0021226109775338642
2022-09-28,3719.04,0.019481144387776417
2022-09-29,3640.47,-0.02135277627216209
2022-09-30,3585.6201,-0.015181364387214813
2022-10-03,3678.4299,0.025554573722716883
2022-10-04,3790.9299,0.0301253416720636
2022-10-05,3783.28,-0.0020199869563126836
2022-10-06,3744.52,-0.010297920383574249
2022-10-07,3639.6599,-0.02840319464258475
2022-10-10,3612.3899,-0.007520667752029659
2022-10-11,3588.8401,-0.006540517092709575
2022-10-12,3577.03,-0.0032962112146206366
2022-10-13,3669.9099,0.025634264198272128
2022-10-14,3583.0701,-0.023947108614299654
2022-10-17,3677.95,0.02613552900287911
2022-10-18,3719.98,0.011362760181543908
2022-10-19,3695.1599,-0.006694463767139565
2022-10-20,3665.78,-0.007982691453665232
2022-10-21,3752.75,0.02344776785243657
2022-10-24,3797.3401,0.01181194339402132
2022-10-25,3859.1101,0.01613576490375625
2022-10-26,3830.6001,-0.007415137863931564
2022-10-27,3807.3,-0.006101198489902984
2022-10-28,3901.0601,0.024328060209827685
2022-10-31,3871.98,-0.0074823326001846775
2022-11-01,3856.1001,-0.004109668156809684
2022-11-02,3759.6899,-0.025319855358494996
2022-11-03,3719.8899,-0.010642409523561058
2022-11-04,3770.55,0.013526808340509369
2022-11-07,3806.8,0.009568061802673562
2022-11-08,3828.1101,0.005582293716530953
2022-11-09,3748.5701,-0.020996774332801834
2022-11-10,3956.3701,0.053952502879819245
2022-11-11,3992.9299,0.009198308724866527
2022-11-14,3957.25,-0.008975932620755751
2022-11-15,3991.73,0.008675381307597811
2022-11-16,3958.79,-0.00828629787208508
2022-11-17,3946.5601,-0.0030940842852146917
2022-11-18,3965.3401,0.004747288210231315
2022-11-21,3949.9399,-0.003891263336834974
2022-11-22,4003.5801,0.01348862221644268
2022-11-23,4027.26,0.005897258152997836
2022-11-25,4026.1201,-0.0002830861063201677
2022-11-28,3963.9399,-0.015564702970797472
2022-11-29,3957.6299,-0.0015931189130163933
2022-11-30,4080.1101,0.03047863735937998
2022-12-01,4076.5701,-0.0008680002489885575
2022-12-02,4071.7,-0.001195370433268135
2022-12-05,3998.8401,-0.01805625859482373
2022-12-06,3941.26,-0.01450387492900042
2022-12-07,3933.9199,-0.0018641103362005025
2022-12-08,3963.51,0.0074936375106618896
2022-12-09,3934.3799,-0.007376712631789228
2022-12-12,3990.5601,0.014178313307158883
2022-12-13,4019.6499,0.00726321229633422
2022-12-14,3995.3201,-0.006071108121340974
2022-12-15,3895.75,-0.025237485821247796
2022-12-16,3852.3601,-0.011200241872590382
2022-12-19,3817.6599,-0.009048330186461504
2022-12-20,3821.6201,0.0010367993723891533
2022-12-21,3878.4399,0.014758542490485688
2022-12-22,3822.3899,-0.014557129880454565
2022-12-23,3844.8201,0.0058509585596468175
2022-12-27,3829.25,-0.004057852264075677
2022-12-28,3783.22,-0.01209346269904926
2022-12-29,3849.28,0.017310618960093668
2022-12-30,3839.5,-0.0025439680351095257
2023-01-03,3824.1399,-0.004008570540477626
2023-01-04,3852.97,0.007510700225055215
2023-01-05,3808.1001,-0.01171387612470488
2023-01-06,3895.0801,0.02258384058962552
2023-01-09,3892.0901,-0.0007679298307715868
2023-01-10,3919.25,0.006953994859315529
2023-01-11,3969.6101,0.012767569322620258
2023-01-12,3983.1699,0.0034100812898591065
2023-01-13,3999.0901,0.003988900664545887
2023-01-17,3990.97,-0.0020325511182382617
2023-01-18,3928.8601,-0.015684976207600933
2023-01-19,3898.8501,-0.007667669411607896
2023-01-20,3972.6101,0.01874167108295153
2023-01-23,4019.8101,0.01181132812013917
2023-01-24,4016.95,-0.0007117545093184377
2023-01-25,4016.22,-0.00018174643434897735
2023-01-26,4060.4299,0.010947692942043265
2023-01-27,4070.5601,0.002491751986262078
2023-01-30,4017.77,-0.013053584348635272
2023-01-31,4076.6001,0.014536309852563684
2023-02-01,4119.21,0.010398065204964965
2023-02-02,4179.7598,0.014592383368003585
2023-02-03,4136.48,-0.01040859613973452
2023-02-06,4111.0801,-0.006159392594660956
2023-02-07,4164.0,0.012790358716411092
2023-02-08,4117.8599,-0.011142564095461467
2023-02-09,4081.5,-0.008869018747987324
2023-02-10,4090.46,0.002192865258876484
2023-02-13,4137.29,0.011383550959928976
2023-02-14,4136.1299,-0.0002804402584723827
2023-02-15,4147.6001,0.0027693339427078125
2023-02-16,4090.4099,-0.013884692730397922
2023-02-17,4079.0901,-0.0027712362432060133
2023-02-21,3997.3401,-0.020244783912759655
2023-02-22,3991.05,-0.001574810749407133
2023-02-23,4012.3201,0.005315298383510954
2023-02-24,3970.04,-0.010593482344963268
2023-02-27,3982.24,0.0030683048311681872
2023-02-28,3970.1499,-0.0030406228735850335
2023-03-01,3951.3899,-0.0047364617348550206
2023-03-02,3981.3501,0.00755359244158347
2023-03-03,4045.6399,0.016018750422337764
2023-03-06,4048.4199,0.0006869235409689211
2023-03-07,3986.3701,-0.015445589387486485
2023-03-08,3992.01,0.0014137960008770059
2023-03-09,3918.3201,-0.01863184742414116
2023-03-10,3861.5901,-0.014583974375263167
2023-03-13,3855.76,-0.0015109075093273313
2023-03-14,3919.29,0.016342380801371525
2023-03-15,3891.9299,-0.007005362092428368
2023-03-16,3960.28,0.01740957698115753
2023-03-17,3916.6399,-0.01108061198131624
2023-03-20,3951.5701,0.008878875748083027
2023-03-21,4002.8701,0.012898635217663082
2023-03-22,3936.97,-0.016600236904571027
2023-03-23,3948.72,0.0029800838470393862
2023-03-24,3970.99,0.005623958124210314
2023-03-27,3977.53,0.0016455897389303137
2023-03-28,3971.27,-0.001575080840930101
2023-03-29,4027.8101,0.014136885973273916
2023-03-30,4050.8301,0.005698994319520591
2023-03-31,4109.3101,0.014333332458113465
2023-04-03,4124.5098,0.0036920208239218416
2023-04-04,4100.6001,-0.005813847507923722
2023-04-05,4090.3799,-0.002495478026751627
2023-04-06,4105.02,0.00357276417297688
2023-04-10,4109.1099,0.0009958207108417179
2023-04-11,4108.9399,-4.137234603381265e-05
2023-04-12,4091.95,-0.004143434313621296
2023-04-13,4146.2202,0.013175494985035908
2023-04-14,4137.6401,-0.0020715228788319236
2023-04-17,4151.3198,0.0033007066229486497
2023-04-18,4154.8701,0.0008548565007422538
2023-04-19,4154.52,-8.426611243268408e-05
2023-04-20,4129.79,-0.005970339945819703
2023-04-21,4133.52,0.000902785990925368
2023-04-24,4137.04,0.0008512120612239251
2023-04-25,4071.6299,-0.015937170155156718
2023-04-26,4055.99,-0.00384858531692303
2023-04-27,4135.3501,0.019377191561751744
2023-04-28,4169.48,0.008219335430820908
2023-05-01,4167.8701,-0.00038618985665675237
2023-05-02,4119.5801,-0.011653897246755664
2023-05-03,4090.75,-0.0070229133649001955
2023-05-04,4061.22,-0.007244906241251436
2023-05-05,4136.25,0.018306159168068423
2023-05-08,4138.1201,0.0004520223314260987
2023-05-09,4119.1699,-0.004589940106139578
2023-05-10,4137.6401,0.004473938678128501
2023-05-11,4130.6201,-0.0016980601763822356
2023-05-12,4124.0801,-0.0015845521242282676
2023-05-15,4136.2798,0.0029537959647754713
2023-05-16,4109.8999,-0.0063981118408584
2023-05-17,4158.77,0.011820684495940275
2023-05-18,4198.0498,0.009400726643537732
2023-05-19,4191.98,-0.0014469081048911299
2023-05-22,4192.6299,0.00015502212006342895
2023-05-23,4145.5801,-0.011285467591035648
2023-05-24,4115.2402,-0.00734552630810634
2023-05-25,4151.2798,0.008719468007813189
2023-05-26,4205.4502,0.012964678470561307
2023-05-30,4205.52,1.6597371847132615e-05
2023-05-31,4179.8301,-0.006127348308554056
2023-06-01,4221.02,0.009806205225247602
2023-06-02,4282.3701,0.014429813003698591
2023-06-05,4273.79,-0.0020055966171231535
2023-06-06,4283.8501,0.0023511399209773416
2023-06-07,4267.52,-0.003819299050254716
2023-06-08,4293.9302,0.006169581824473739
2023-06-09,4298.8599,0.0011474039243306734
2023-06-12,4338.9302,0.00927797202197809
2023-06-13,4369.0098,0.006908573012091412
2023-06-14,4372.5898,0.0008190721066989003
2023-06-15,4425.8398,0.012104580613972495
2023-06-16,4409.5898,-0.0036783765041793633
2023-06-20,4388.71,-0.0047463350129989534
2023-06-21,4365.6899,-0.005259104752073192
2023-06-22,4381.8901,0.003703931492143101
2023-06-23,4348.3301,-0.007688274646174999
2023-06-26,4328.8198,-0.004496944988568732
2023-06-27,4378.4102,0.011390749111161978
2023-06-28,4376.8599,-0.00035414099131051867
2023-06-29,4396.4399,0.00446355030706766
2023-06-30,4450.3799,0.012194363542047098
2023-07-03,4455.5898,0.0011699794115172667
2023-07-05,4446.8198,-0.001970253724794079
2023-07-06,4411.5898,-0.007954065646646679
2023-07-07,4398.9502,-0.0028692018130783976
2023-07-10,4409.5298,0.0024021409113198465
2023-07-11,4439.2598,0.006719588375374019
2023-07-12,4472.1602,0.007383907274726066
2023-07-13,4510.04,0.008434464545651308
2023-07-14,4505.4199,-0.0010249283909394152
2023-07-17,4522.79,0.0038479657928689906
2023-07-18,4554.98,0.007092079866132413
2023-07-19,4565.7202,0.002355127288214308
2023-07-20,4534.8701,-0.006779827935203091
2023-07-21,4536.3398,0.00032403616034929714
2023-07-24,4554.6401,0.004026040079380466
2023-07-25,4567.46,0.0028107361900185906
2023-07-26,4566.75,-0.00015545953102232801
2023-07-27,4537.4102,-0.006445383413132824
2023-07-28,4582.23,0.009829370430759215
2023-07-31,4588.96,0.001467639686456588
2023-08-01,4576.73,-0.002668649552448092
2023-08-02,4513.3901,-0.013936213041362479
2023-08-03,4501.8901,-0.002551225471073565
2023-08-04,4478.0298,-0.005314157902846691
2023-08-07,4518.4399,0.008983606486224115
2023-08-08,4499.3799,-0.0042271921162503985
2023-08-09,4467.71,-0.007063614178722384
2023-08-10,4468.8301,0.00025067867280430234
2023-08-11,4464.0498,-0.001070270844302202
2023-08-14,4489.7202,0.005734002623310711
2023-08-15,4437.8599,-0.01161812781595577
2023-08-16,4404.3301,-0.007584085099898291
2023-08-17,4370.3599,-0.007742807942464193
2023-08-18,4369.71,-0.00014871734634479337
2023-08-21,4399.77,0.006855621481266927
2023-08-22,4387.5498,-0.0027813276757572996
2023-08-23,4436.0098,0.010984339528236568
2023-08-24,4376.3101,-0.013549352271636728
2023-08-25,4405.71,0.0066955004651777115
2023-08-28,4433.3101,0.006245079067666134
2023-08-29,4497.6299,0.014404063193709078
2023-08-30,4514.8701,0.003825846552871078
2023-08-31,4507.6602,-0.0015981994617744674
2023-09-01,4515.77,0.0017974987346973908
2023-09-05,4496.8301,-0.004202988631722878
2023-09-06,4465.48,-0.006996014982140269
2023-09-07,4451.1401,-0.0032164457388538853
2023-09-08,4457.4902,0.0014256065998095636
2023-09-11,4487.46,0.006700967914687292
2023-09-12,4461.8999,-0.005712178253097675
2023-09-13,4467.4399,0.0012408533743639763
2023-09-14,4505.1001,0.008394595322361255
2023-09-15,4450.3198,-0.01223415180476216
2023-09-18,4453.5298,0.0007210364692304275
2023-09-19,4443.9502,-0.0021533296397587003
2023-09-20,4402.2002,-0.00943920419628743
2023-09-21,4330.0,-0.016536919383296593
2023-09-22,4320.0601,-0.002298227818114063
2023-09-25,4337.4399,0.004014975072918378
2023-09-26,4273.5298,-0.01484415246260651
2023-09-27,4274.5098,0.00022929234073573945
2023-09-28,4299.7002,0.005875870191335131
2023-09-29,4288.0498,-0.0027132618316359543
2023-10-02,4288.3901,7.93569369450002e-05
2023-10-03,4229.4502,-0.013839386192786596
2023-10-04,4263.75,0.008077046499528945
2023-10-05,4258.1899,-0.001304890870903706
2023-10-06,4308.5,0.011745651817869686
2023-10-09,4335.6602,0.006284078210122863
2023-10-10,4358.2402,0.005194458121892151
2023-10-11,4376.9502,0.004283828458404049
2023-10-12,4349.6099,-0.00626601756975706
2023-10-13,4327.7798,-0.005031500672192469
2023-10-16,4373.6299,0.010538642802515675
2023-10-17,4373.2002,-9.825273737632877e-05
2023-10-18,4314.6001,-0.0134904087798078
2023-10-19,4278.0,-0.00851903287127158
2023-10-20,4224.1602,-0.012665138839067619
2023-10-23,4217.04,-0.0016870116855371607
2023-10-24,4247.6802,0.00723953848428428
2023-10-25,4186.77,-0.0144434450238718
2023-10-26,4137.23,-0.011903071819740901
2023-10-27,4117.3701,-0.004811847473860467
2023-10-30,4166.8198,0.011938472662387473
2023-10-31,4193.7998,0.006454089516253103
2023-11-01,4237.8599,0.01045120477236935
2023-11-02,4317.7798,0.018682933707450767
2023-11-03,4358.3398,0.009349870068505359
2023-11-06,4365.98,0.0017514722358354287
2023-11-07,4378.3799,0.002836092853742051
2023-11-08,4382.7798,0.0010044104937159237
2023-11-09,4347.3501,-0.008116693546781866
2023-11-10,4415.2402,0.015495750946117397
2023-11-13,4411.5498,-0.0008361817183885554
2023-11-14,4495.7002,0.018895372579792118
2023-11-15,4502.8799,0.0015957409821857353
2023-11-16,4508.2402,0.0011897079547857176
2023-11-17,4514.02,0.001281231235307117
2023-11-20,4547.3799,0.007363111900241855
2023-11-21,4538.1899,-0.0020229888353639485
2023-11-22,4556.6201,0.0040529104462859586
2023-11-24,4559.3398,0.0005966897859418467
2023-11-27,4550.4302,-0.0019560543989118767
2023-11-28,4554.8901,0.0009796251443603633
2023-11-29,4550.5801,-0.0009466837466314408
2023-11-30,4567.7998,0.0037769254317097426
2023-12-01,4594.6299,0.005856563720831881
2023-12-04,4569.7798,-0.005423188556365092
2023-12-05,4567.1802,-0.0005690295393971211
2023-12-06,4549.3398,-0.003913866864503334
2023-12-07,4585.5898,0.00793661076084464
2023-12-08,4604.3701,0.0040871399543944914
2023-12-11,4622.4399,0.003916808322987291
2023-12-12,4643.7002,0.004588822762785496
2023-12-13,4707.0898,0.013558334871097399
2023-12-14,4719.5498,0.002643573486435584
2023-12-15,4719.1899,-7.626018125571418e-05
2023-12-18,4740.5601,0.004518139771880513
2023-12-19,4768.3701,0.005849255111874366
2023-12-20,4698.3501,-0.01479314386197931
2023-12-21,4746.75,0.010248768808426746
2023-12-22,4754.6299,0.0016586857676585973
2023-12-26,4774.75,0.0042227574320808665
2023-12-27,4781.5801,0.001429440191270794
2023-12-28,4783.3501,0.00037010202546043294
2023-12-29,4769.8301,-0.0028304729405973033
2024-01-02,4742.8301,-0.0056766607736152535
2024-01-03,4704.8101,-0.008048614138589356
2024-01-04,4688.6802,-0.0034342752987847674
2024-01-05,4697.2402,0.0018240091559410564
2024-01-08,4763.54,0.014015944554170894
2024-01-09,4756.5,-0.0014789856520085827
2024-01-10,4783.4502,0.005649981630437057
2024-01-11,4780.2402,-0.0006712890079635445
2024-01-12,4783.8301,0.000750705516790942
2024-01-16,4765.98,-0.0037383195269974014
2024-01-17,4739.21,-0.005632727126755614
2024-01-18,4780.9399,0.008766703823143346
2024-01-19,4839.8101,0.012238325448586978
2024-01-22,4850.4302,0.0021919176249994518
2024-01-23,4864.6001,0.0029171108294476097
2024-01-24,4868.5498,0.0008115975316074011
2024-01-25,4894.1602,0.005246588037015782
2024-01-26,4890.9702,-0.0006520097295812581
2024-01-29,4927.9302,0.007528373454764443
2024-01-30,4924.9702,-0.0006008383255448868
2024-01-31,4845.6499,-0.016236849210437138
2024-02-01,4906.1899,0.012416278158137136
2024-02-02,4958.6099,0.01062778656727616
2024-02-05,4942.8101,-0.0031914237372665188
2024-02-06,4954.23,0.0023077414970195317
2024-02-07,4995.0601,0.008207686941110404
2024-02-08,4997.9102,0.0005704210043095041
2024-02-09,5026.6099,0.005725915680010496
2024-02-12,5021.8398,-0.0009494201594728173
2024-02-13,4953.1699,-0.013768605124262681
2024-02-14,5000.6201,0.009534169283506807
2024-02-15,5029.73,0.005804379994274536
2024-02-16,5005.5698,-0.004815052297481881
2024-02-20,4975.5098,-0.00602341471861729
2024-02-21,4981.7998,0.0012633936453387837
2024-02-22,5087.0298,0.020902892525288635
2024-02-23,5088.7998,0.000347883187401346
2024-02-26,5069.5298,-0.0037939353954948773
2024-02-27,5078.1802,0.001704897379866935
2024-02-28,5069.7598,-0.0016595293098910274
2024-02-29,5096.27,0.005215459842940246
2024-03-01,5137.0801,0.007975944524103152
2024-03-04,5130.9502,-0.0011939779196451562
2024-03-05,5078.6499,-0.010245407650982216
2024-03-06,5104.7598,0.005127940048403773
2024-03-07,5157.3599,0.01025140267075197
2024-03-08,5123.6899,-0.006549938193064058
2024-03-11,5117.9399,-0.0011228682771074795
2024-03-12,5175.27,0.011139516903123828
2024-03-13,5165.3101,-0.0019263722119467347
2024-03-14,5150.48,-0.002875225275590514
2024-03-15,5117.0898,-0.0065040352016414536
2024-03-18,5149.4199,0.006298188540210646
2024-03-19,5178.5098,0.0056332639304044856
2024-03-20,5224.6201,0.008864755588637483
2024-03-21,5241.5298,0.0032313152161916633
2024-03-22,5234.1802,-0.0014031700392389051
2024-03-25,5218.1899,-0.003059652944053102
2024-03-26,5203.5801,-0.0028037098439858987
2024-03-27,5248.4902,0.008593584829366946
2024-03-28,5254.3501,0.00111586969632302
2024-04-01,5243.77,-0.002015618697674536
2024-04-02,5205.8101,-0.007265376525161166
2024-04-03,5211.4902,0.0010905129734826208
2024-04-04,5147.21,-0.012411021434197466
2024-04-05,5204.3398,0.011038034140191113
2024-04-08,5202.3901,-0.0003746998416498481
2024-04-09,5209.9102,0.0014444649291463412
2024-04-10,5160.6401,-0.009501997344824504
2024-04-11,5199.0601,0.007417237062676599
2024-04-12,5123.4102,-0.014657587227194067
2024-04-15,5061.8198,-0.012094209111286908
2024-04-16,5051.4102,-0.0020586110819627713
2024-04-17,5022.21,-0.005797375959001646
2024-04-18,5011.1201,-0.0022106129083075
2024-04-19,4967.23,-0.00879712229216473
2024-04-22,5010.6001,0.008693347692577057
2024-04-23,5070.5498,0.011893565175507659
2024-04-24,5071.6299,0.00021299169133898993
2024-04-25,5048.4199,-0.004586941992108345
2024-04-26,5099.96,0.010157393324738145
2024-04-29,5116.1699,0.0031733961416062625
2024-04-30,5035.6899,-0.015855555065826112
2024-05-01,5018.3901,-0.0034413525799128234
2024-05-02,5064.2002,0.009087032967538414
2024-05-03,5127.79,0.012478549116088856
2024-05-06,5180.7402,0.010273174673899809
2024-05-07,5187.7002,0.001342535767557365
2024-05-08,5187.6699,-5.840755502407799e-06
2024-05-09,5214.0801,0.005078041051206984
2024-05-10,5222.6802,0.0016480405220221236
2024-05-13,5221.4199,-0.00024134200056490722
2024-05-14,5246.6802,0.0048261573329416285
2024-05-15,5308.1499,0.011647822729747433
2024-05-16,5297.1001,-0.002083836590091067
2024-05-17,5303.27,0.0011640915625656912
2024-05-20,5308.1299,0.0009159772293180269
2024-05-21,5321.4102,0.0024987547504399885
2024-05-22,5307.0098,-0.002709792953574995
2024-05-23,5267.8398,-0.007408177065866255
2024-05-24,5304.7202,0.0069766545835699915
2024-05-28,5306.04,0.00024876634320816234
2024-05-29,5266.9502,-0.007394308963865464
2024-05-30,5235.48,-0.005992954695182317
2024-05-31,5277.5098,0.007995827014861644
2024-06-03,5283.3999,0.0011154532664403294
2024-06-04,5291.3398,0.0015016731791618666
2024-06-05,5354.0298,0.011778026890628951
2024-06-06,5352.96,-0.00019983207671687915
2024-06-07,5346.9902,-0.0011158557764938712
2024-06-10,5360.79,0.002577529120385401
2024-06-11,5375.3198,0.0027067176363694536
2024-06-12,5421.0298,0.008467727485612279
2024-06-13,5433.7402,0.002341902372724434
2024-06-14,5431.6001,-0.00039393152328162455
2024-06-17,5473.23,0.007635167509323181
2024-06-18,5487.0298,0.002518153318255294
2024-06-20,5473.1699,-0.002529134097424544
2024-06-21,5464.6201,-0.0015633508672877995
2024-06-24,5447.8701,-0.003069879165536705
2024-06-25,5469.2998,0.003925875977027241
2024-06-26,5477.8999,0.0015711966539216978
2024-06-27,5482.8701,0.0009069071498914818
2024-06-28,5460.48,-0.004092006750768911
2024-07-01,5475.0898,0.002671979413855543
2024-07-02,5509.0098,0.006176220001699961
2024-07-03,5537.02,0.005071552502361579
2024-07-05,5567.1899,0.005433970450814117
2024-07-08,5572.8501,0.0010161903345194988
2024-07-09,5576.98,0.0007408005596190032
2024-07-10,5633.9102,0.010156319141463652
2024-07-11,5584.54,-0.008801664729500688
2024-07-12,5615.3501,0.005501871437104753
2024-07-15,5631.2202,0.002822213369996086
2024-07-16,5667.2002,0.006369053434555424
2024-07-17,5588.27,-0.014025445845817563
2024-07-18,5544.5898,-0.007847116540880748
2024-07-19,5505.0,-0.007165871335831277
2024-07-22,5564.4102,0.01073422510868902
2024-07-23,5555.7402,-0.001559331743709125
2024-07-24,5427.1299,-0.02342123286863915
2024-07-25,5399.2202,-0.005155894935916243
2024-07-26,5459.1001,0.011029423588139424
2024-07-29,5463.54,0.0008129719928311104
2024-07-30,5436.4399,-0.00497251482812642
2024-07-31,5522.2998,0.01566998746951405
2024-08-01,5446.6802,-0.013788118496643166
2024-08-02,5346.5601,-0.018552903310603754
2024-08-05,5186.3301,-0.03042704491903976
2024-08-06,5240.0298,0.010300848108541483
2024-08-07,5199.5,-0.0077647182215301175
2024-08-08,5319.3101,0.022781147375038033
2024-08-09,5344.1602,0.004660798836748828
2024-08-12,5344.3901,4.301799469195258e-05
2024-08-13,5434.4302,0.016707244746110995
2024-08-14,5455.21,0.0038164392652453587
2024-08-15,5543.2202,0.016004480092897306
2024-08-16,5554.25,0.0019878050462169114
2024-08-19,5608.25,0.009675327436177775
2024-08-20,5597.1201,-0.0019865303083853466
2024-08-21,5620.8501,0.004230718208756784
2024-08-22,5570.6401,-0.008972949265109281
2024-08-23,5634.6099,0.011417950509786869
2024-08-26,5616.8398,-0.0031587244753279505
2024-08-27,5625.7998,0.0015939320685857802
2024-08-28,5592.1802,-0.005993895630696072
2024-08-29,5591.96,-3.937718878524746e-05
2024-08-30,5648.3999,0.010042449678727949
2024-09-03,5528.9302,-0.02137795857708905
2024-09-04,5520.0698,-0.0016038377951483717
2024-09-05,5503.4102,-0.0030225686776585267
2024-09-06,5408.4199,-0.017410956501660302
2024-09-09,5471.0498,0.011513537623655118
2024-09-10,5495.52,0.004462697280544895
2024-09-11,5554.1299,0.010608562298418615
2024-09-12,5595.7598,0.007467355205302854
2024-09-13,5626.02,0.005393132619719008
2024-09-16,5633.0898,0.0012558365722950496
2024-09-17,5634.5801,0.0002645267427811723
2024-09-18,5618.2598,-0.002900656472147571
2024-09-19,5713.6401,0.016834344347775216
2024-09-20,5702.5498,-0.001942908025509133
2024-09-23,5718.5698,0.0028053310126077776
2024-09-24,5732.9302,0.0025080395629490885
2024-09-25,5722.2598,-0.0018629814234676144
2024-09-26,5745.3701,0.004030533159417915
2024-09-27,5738.1699,-0.0012540037207240593
2024-09-30,5762.48,0.004227610860015236
2024-10-01,5708.75,-0.009367852083837029
2024-10-02,5709.54,0.0001383744853669804
2024-10-03,5699.9399,-0.001682829077170099
2024-10-04,5751.0698,0.008930258752344386
2024-10-07,5695.9399,-0.009632266887648084
2024-10-08,5751.1299,0.009642717062669982
2024-10-09,5792.04,0.007088221284281855
2024-10-10,5780.0498,-0.0020722625727921944
2024-10-11,5815.0298,0.006033612070930506
2024-10-14,5859.8501,0.007678112421909297
2024-10-15,5815.2598,-0.0076385605263090735
2024-10-16,5842.4702,0.004668224330944394
2024-10-17,5841.4702,-0.0001711751289730041
2024-10-18,5864.6699,0.003963685753909906
2024-10-21,5853.98,-0.001824425690051015
2024-10-22,5851.2002,-0.00047496920248329765
2024-10-23,5797.4199,-0.00923382884202753
2024-10-24,5809.8599,0.002143483223861935
2024-10-25,5808.1201,-0.0002995012924803059
2024-10-28,5823.52,0.0026479342320958167
2024-10-29,5832.9199,0.0016128255484917926
2024-10-30,5813.6699,-0.0033056916849058663
2024-10-31,5705.4502,-0.018790130344478826
2024-11-01,5728.7998,0.004084156364708399
2024-11-04,5712.6899,-0.0028160512430738817
2024-11-05,5782.7598,0.012191044222074426
2024-11-06,5929.04,0.02498126842445852
2024-11-07,5973.1001,0.00740376115471459
2024-11-08,5995.54,0.0037497871280743012
2024-11-11,6001.3501,0.0009686010967537704
2024-11-12,5983.9902,-0.0028968576119681997
2024-11-13,5985.3799,0.0002322093802152858
2024-11-14,5949.1699,-0.006068115130808034
2024-11-15,5870.6201,-0.013291430117524686
2024-11-18,5893.6201,0.003910159757632154
2024-11-19,5916.98,0.003955756737767029
2024-11-20,5917.1099,2.1953525975269803e-05
2024-11-21,5948.71,0.005326252205317207
2024-11-22,5969.3398,0.0034619456958679103
2024-11-25,5987.3701,0.0030159322786172116
2024-11-26,6021.6299,0.0057057028801834955
2024-11-27,5998.7402,-0.003808489668241181
2024-11-29,6032.3799,0.00559212897637861
2024-12-02,6047.1499,0.00244546064379511
2024-12-03,6049.8799,0.00045135047056669617
2024-12-04,6086.4902,0.0060331731394164595
2024-12-05,6075.1099,-0.0018715141474988108
2024-12-06,6090.27,0.002492336116449395
2024-12-09,6052.8501,-0.0061631636910536945
2024-12-10,6034.9102,-0.0029682774520069484
2024-12-11,6084.1899,0.008132612356333216
2024-12-12,6051.25,-0.005428724655914839
2024-12-13,6051.0898,-2.647421947437086e-05
2024-12-16,6074.0801,0.0037921658402554647
2024-12-17,6050.6099,-0.00387147701342074
2024-12-18,5872.1602,-0.0299365039227115
2024-12-19,5867.0801,-0.0008654904725162531
2024-12-20,5930.8501,0.010810476069146337
2024-12-23,5974.0698,0.0072608451364585954
2024-12-24,6040.04,0.010982230751846723
2024-12-26,6037.5898,-0.0004057418672683852
2024-12-27,5970.8398,-0.011117305045920624
2024-12-30,5906.9399,-0.01075967362421529
2024-12-31,5881.6299,-0.0042939965269850194
2025-01-02,5868.5498,-0.0022263668704325186
2025-01-03,5942.4702,0.01251735500866639
2025-01-06,5975.3799,0.0055227718711133795
2025-01-07,5909.0298,-0.011166021880977858
2025-01-08,5918.25,0.0015591415817859426
2025-01-10,5827.04,-0.015531644353894208
2025-01-13,5836.2202,0.0015742085383317062
2025-01-14,5842.9102,0.001145633365255651
2025-01-15,5949.9102,0.01814713236986152
2025-01-16,5937.3398,-0.00211493906253884
2025-01-17,5996.6602,0.009941492972741876
2025-01-21,6049.2402,0.008729996462336407
2025-01-22,6086.3701,0.00611918394559309
2025-01-23,6118.71,0.005299428667569285
2025-01-24,6101.2402,-0.002859228002675281
2025-01-27,6012.2798,-0.014688050929106519
2025-01-28,6067.7002,0.009175642481344757
2025-01-29,6039.3101,-0.004689869973330405
2025-01-30,6071.1699,0.005261537692963087
2025-01-31,6040.5298,-0.005059597929813555
2025-02-03,5994.5698,-0.007637697226968881
2025-02-04,6037.8799,0.007198914289755582
2025-02-05,6061.48,0.0039010542911933218
2025-02-06,6083.5698,0.003637667152064931
2025-02-07,6025.9902,-0.00950984741710722
2025-02-10,6066.4399,0.00669011117445069
2025-02-11,6068.5,0.0003395319691350316
2025-02-12,6051.9702,-0.0027275856423612647
2025-02-13,6115.0698,0.010372311706446853
2025-02-14,6114.6299,-7.193962419040504e-05
2025-02-18,6129.5801,0.002442004413430194
2025-02-19,6144.1499,0.0023741449166038158
2025-02-20,6117.52,-0.0043436076955043704
2025-02-21,6013.1299,-0.017211390621536333
2025-02-24,5983.25,-0.004981496424580739
2025-02-25,5955.25,-0.004690715138395557
2025-02-26,5956.0601,0.00013602198153650838
2025-02-27,5861.5698,-0.01599175376226331
2025-02-28,5954.5,0.015729784552448858
2025-03-03,5849.7202,-0.017753405185823436
2025-03-04,5778.1499,-0.012310286099613738
2025-03-05,5842.6299,0.011097475876098701
2025-03-06,5738.52,-0.017979683452730162
2025-03-07,5770.2002,0.005505439261352223
2025-03-10,5614.5601,-0.027343535225993157
2025-03-11,5572.0698,-0.007596658639789994
2025-03-12,5599.2998,0.00487497144978732
2025-03-13,5521.52,-0.013988369506601614
2025-03-14,5638.9399,0.021042902147578955
2025-03-17,5675.1201,0.006395639288949596
2025-03-18,5614.6602,-0.010710656253648256
2025-03-19,5675.29,0.010740593497944345
2025-03-20,5662.8901,-0.0021872831149756158
2025-03-21,5667.5601,0.000824327397766629
2025-03-24,5767.5698,0.017492105623680133
2025-03-25,5776.6499,0.0015730992840510048
2025-03-26,5712.2002,-0.011219639131257862
2025-03-27,5693.3101,-0.0033124545549539316
2025-03-28,5580.9399,-0.019934615818868878
2025-03-31,5611.8501,0.0055232481945139055
2025-04-01,5633.0698,0.0037740998381815376
2025-04-02,5670.9702,0.006705663111374044
2025-04-03,5396.52,-0.049605912830729605
2025-04-04,5074.0801,-0.061609053967874215
2025-04-07,5062.25,-0.002334198917089922
2025-04-08,4982.77,-0.0158250871968123
2025-04-09,5456.8999,0.09089488332329197
2025-04-10,5268.0498,-0.03522060748440762
2025-04-11,5363.3599,0.017930388571797552
2025-04-14,5405.9702,0.007913309734314639
2025-04-15,5396.6299,-0.0017292692946359923
2025-04-16,5275.7002,-0.022663256261252828
2025-04-17,5282.7002,0.0013259586225952804
2025-04-21,5158.2002,-0.023849648312601102
2025-04-22,5287.7598,0.024806957717565827
2025-04-23,5375.8599,0.01652386469631958
2025-04-24,5484.77,0.020056617691283318
2025-04-25,5525.21,0.0073460954265644985
2025-04-28,5528.75,0.0006404944691347734
2025-04-29,5560.8301,0.005785645479321679
2025-04-30,5569.0601,0.0014789007532200898
2025-05-01,5604.1401,0.006279331729324574
2025-05-02,5686.6699,0.0146191938144732
2025-05-05,5650.3799,-0.00640204014077231
2025-05-06,5606.9102,-0.007722980517351009
2025-05-07,5631.2798,0.004336932939784716
2025-05-08,5663.9399,0.005783011201016573
2025-05-09,5659.9102,-0.000711719094568692
2025-05-12,5844.1899,0.032039961862188104
2025-05-13,5886.5498,0.007222065308967124
2025-05-14,5892.5801,0.001023895750878713
2025-05-15,5916.9302,0.004123817819589615
2025-05-16,5958.3799,0.00698084815956558
2025-05-19,5963.6001,0.0008757270744646532
2025-05-20,5940.46,-0.0038877708869125504
2025-05-21,5844.6099,-0.01626671956093008
2025-05-22,5842.0098,-0.0004449704208141966
2025-05-23,5802.8198,-0.006730909649195679
2025-05-27,5921.54,0.020252578379122494
2025-05-28,5888.5498,-0.005586796775801912
2025-05-29,5912.1699,0.004003167966672991
2025-05-30,5911.6899,-8.119176113085974e-05
2025-06-02,5935.9399,0.004093651519239892
2025-06-03,5970.3701,0.005783537632086113
2025-06-04,5970.8101,7.369455829823658e-05
2025-06-05,5939.2998,-0.005291365702711759
2025-06-06,6000.3599,0.010228203124035785
2025-06-09,6005.8799,0.0009195219287455807
2025-06-10,6038.8101,0.005468016536558102
2025-06-11,6022.2402,-0.0027476728829861994
2025-06-12,6045.2598,0.0038151444659586023
2025-06-13,5976.9702,-0.011360676759867037
2025-06-16,6033.1099,0.009348831717885827
2025-06-17,5982.7202,-0.008387268290953138
2025-06-18,5980.8701,-0.00030928842736246926
2025-06-20,5967.8398,-0.0021810396728028834
2025-06-23,6025.1699,0.00956065877161729
2025-06-24,6092.1802,0.01106033622294466
2025-06-25,6092.1602,-3.2829023718658597e-06
2025-06-26,6141.02,0.00798812067069907
2025-06-27,6173.0698,0.005205398513316012
2025-06-30,6204.9502,0.00515114218486528
2025-07-01,6198.0098,-0.0011191523191892657
2025-07-02,6227.4199,0.0047338652476651
2025-07-03,6279.3501,0.00830438209660181
2025-07-07,6229.98,-0.00789336534244914
2025-07-08,6225.52,-0.000716149522799676
2025-07-09,6263.2598,0.006043811402423811
2025-07-10,6280.46,0.0027424418042574597
2025-07-11,6259.75,-0.0033029779929135954
2025-07-14,6268.5601,0.0014064309363212883
2025-07-15,6243.7598,-0.0039641461655602625
2025-07-16,6263.7002,0.003188563768247206
2025-07-17,6297.3599,0.005359385322468111
2025-07-18,6296.79,-9.050233718269117e-05
2025-07-21,6305.6001,0.0013981635809243336
2025-07-22,6309.6201,0.0006373254009584753
2025-07-23,6358.9102,0.007781541749827747
2025-07-24,6363.3501,0.0006979734851435562
2025-07-25,6388.6401,0.003966444885853986
2025-07-28,6389.77,0.0001768451621293789
2025-07-29,6370.8599,-0.0029638213772762304
2025-07-30,6362.8999,-0.0012502200704026664
2025-07-31,6339.3901,-0.0037016674701865725
2025-08-01,6238.0098,-0.016121375882839985
2025-08-04,6329.9399,0.01462955243950916
2025-08-05,6299.1899,-0.004869703812394053
2025-08-06,6345.0601,0.007255535318864304
2025-08-07,6340.0,-0.0007978046975737022
2025-08-08,6389.4502,0.007769455550020605
2025-08-11,6373.4502,-0.002507268392043409
2025-08-12,6445.7598,0.011281563672661109
2025-08-13,6466.5801,0.003224871433860458
2025-08-14,6468.54,0.00030303545693370344
2025-08-15,6449.7998,-0.0029013346042881657
2025-08-18,6449.1499,-0.00010076789438902454
2025-08-19,6411.3701,-0.005875331429571426
2025-08-20,6395.7798,-0.0024346256306144536
2025-08-21,6370.1699,-0.004012225483791825
2025-08-22,6466.9102,0.01507229535796268
2025-08-25,6439.3198,-0.00427552306592821
2025-08-26,6465.9399,0.004125471067440936
2025-08-27,6481.3999,0.0023881364954393674
2025-08-28,6501.8599,0.0031517534505008877
2025-08-29,6460.2598,-0.006418740729221771
2025-09-02,6415.54,-0.006946361470755191
2025-09-03,6448.2598,0.005087123722568293
2025-09-04,6502.0801,0.008311845136285904
2025-09-05,6481.5,-0.003170176034244756
2025-09-08,6495.1499,0.002103764090042645
2025-09-09,6512.6099,0.002684553029020217
2025-09-10,6532.04,0.0029790166111596365
2025-09-11,6587.4702,0.008450091349900515
2025-09-12,6584.29,-0.00048288156077949576
2025-09-15,6615.2798,0.00469558590310004
2025-09-16,6606.7598,-0.0012887574741851783
2025-09-17,6600.3501,-0.0009706439261539662
2025-09-18,6631.96,0.004777693371652262
2025-09-19,6664.3599,0.004873523557161575
2025-09-22,6693.75,0.004400345205043149
2025-09-23,6656.9199,-0.005517355114794012
2025-09-24,6637.9702,-0.0028506761154292173
2025-09-25,6604.7202,-0.005021648753783986
2025-09-26,6643.7002,0.005884492083414834
2025-09-29,6661.21,0.002632082418531937
2025-09-30,6688.46,0.00408250358961618
2025-10-01,6711.2002,0.003394149029399638
2025-10-02,6715.3501,0.000618163271938693
2025-10-03,6715.79,6.55044913362323e-05
2025-10-06,6740.2798,0.003639967301524154
2025-10-07,6714.5898,-0.003818696424760798
2025-10-08,6753.7202,0.005810752811987063
2025-10-09,6735.1099,-0.00275936633057487
2025-10-10,6552.5098,-0.02748597564565973
2025-10-13,6654.7202,0.01547825556029299
2025-10-14,6644.3101,-0.0015655430345470592
2025-10-15,6671.0601,0.004017918478439098
2025-10-16,6629.0698,-0.006314290135405034
2025-10-17,6664.0098,0.005256882756247939
2025-10-20,6735.1299,0.010615721529756664
2025-10-21,6735.3501,3.2693712476296494e-05
2025-10-22,6699.3999,-0.005351835472565129
2025-10-23,6738.4399,0.005810474067075236
2025-10-24,6791.6899,0.007871362023422847
2025-10-27,6875.1602,0.012215153787472335
2025-10-28,6890.8901,0.002285318810148556
2025-10-29,6890.5898,-4.358022537870195e-05
2025-10-30,6822.3398,-0.009954191488051664
2025-10-31,6840.2002,0.002614508015926192
2025-11-03,6851.9702,0.0017192311452833226
2025-11-04,6771.5498,-0.011806248918213406
2025-11-05,6796.29,0.0036468926203009526
2025-11-06,6720.3198,-0.01124113237091072
2025-11-07,6728.7998,0.0012610492546698264
2025-11-10,6832.4302,0.01528363094480995
2025-11-11,6846.6099,0.00207320177077208
2025-11-12,6850.9199,0.0006293105698869699
2025-11-13,6737.4902,-0.016695453539974123
2025-11-14,6734.1099,-0.0005018409165726936
2025-11-17,6672.4102,-0.009204496790105026
2025-11-18,6617.3198,-0.008290720060923606
2025-11-19,6642.1602,0.003746817983881063
2025-11-20,6538.7598,-0.01568972744591469
2025-11-21,6602.9902,0.009775092578504226
2025-11-24,6705.1201,0.015348821541716816
2025-11-25,6765.8799,0.009020891104492505
2025-11-26,6812.6099,0.0068829722856510005
2025-11-28,6849.0898,0.005340475563605699
2025-12-01,6812.6299,-0.0053375398354582005
2025-12-02,6829.3701,0.002454216156345449
2025-12-03,6849.7202,0.002975360870729566
2025-12-04,6857.1201,0.0010797383725149622
2025-12-05,6870.3999,0.0019347710500608713
2025-12-08,6846.5062,-0.003483835785200049
2025-12-09,6840.5096,-0.0008762465787006872
2025-12-10,6886.6802,0.0067269083882695304
2025-12-11,6901.0,0.0020771884669645467
2025-12-12,6827.4102,-0.01072090705056094
2025-12-15,6816.5098,-0.0015978402569269449
2025-12-16,6800.2598,-0.002386763996389003
2025-12-17,6721.4302,-0.011659858063111485
2025-12-18,6774.7598,0.0079029529912461
2025-12-19,6834.5,0.0087794023478483
2025-12-22,6878.4902,0.006415865578098919
2025-12-23,6909.79,0.0045400663910403795
2025-12-24,6932.0498,0.0032163093217046834
2025-12-26,6929.9399,-0.00030441517588098864
2025-12-29,6905.7402,-0.003498161926700721
2025-12-30,6896.2402,-0.001376614257510625
2025-12-31,6845.5,-0.007384862449648733
2026-01-02,6858.4702,0.001892911861820793
2026-01-05,6902.0498,0.006334025996200103
2026-01-06,6944.8198,0.006177589195728337
2026-01-07,6920.9302,-0.0034458465843497208
2026-01-08,6921.46,7.654747375338088e-05
2026-01-09,6966.2798,0.0064546076254419545
2026-01-12,6977.27,0.001576385129112209
2026-01-13,6963.7402,-0.0019410077252229364
2026-01-14,6926.6001,-0.005347628309482062
2026-01-15,6944.4702,0.0025766014445829277
2026-01-16,6940.0098,-0.0006425015777963664
2026-01-20,6796.8599,-0.02084246050411341
2026-01-21,6875.6201,0.01152110973147476
2026-01-22,6913.3501,0.005472503546694774
2026-01-23,6915.6099,0.0003268213980104294
2026-01-26,6950.23,0.004993591760772881
2026-01-27,6978.6001,0.004073585366130662
2026-01-28,6978.0298,-8.17246003373467e-05
2026-01-29,6969.0098,-0.0012934646371229523
2026-01-30,6939.0298,-0.004311182207841628
2026-02-02,6976.4399,0.005376777203041903
2026-02-03,6917.8101,-0.008439483670052872
2026-02-04,6882.7202,-0.0050853082971392535
2026-02-05,6798.3999,-0.012326676041913894
2026-02-06,6932.2998,0.019504343950768218
2026-02-09,6964.8198,0.00468011505900851
2026-02-10,6941.8101,-0.0033091728424506964
2026-02-11,6941.4702,-4.896537312839582e-05
2026-02-12,6832.7598,-0.01578493421679152
2026-02-13,6836.1699,0.0004989564136462565
2026-02-17,6843.2202,0.0010307916614298522
2026-02-18,6881.3101,0.00555064500745618
2026-02-19,6861.8901,-0.002826126759852399
2026-02-20,6909.5098,0.006915766028315643
2026-02-23,6837.75,-0.010439964446483763
2026-02-24,6890.0698,0.007622485447360874
2026-02-25,6946.1299,0.008103439959551293
2026-02-26,6908.8599,-0.005380024155231904
2026-02-27,6878.8799,-0.004348797944181426
2026-03-02,6868.5498,-0.0015028412102719715
